price_latest,price_trend_4w,price_zscore_8w,forecast_point_1m,forecast_interval_width_1m,forecast_disagreement_1m,forecast_unstable_flag,signal_severity_mean_4w,signal_count_4w,hhi_country,label,label_source,resource_id,week_start
53.21588897705078,,,,,,,1.0,3.0,0.365,0,curated_episode,nand,2023-01-02
53.21588897705078,,,,,,,1.6666666666666667,3.0,0.5278,0,curated_episode,dram,2023-01-02
56.322879791259766,,,,,,,1.5,4.0,0.5278,0,curated_episode,dram,2023-01-09
56.322879791259766,,,,,,,1.0,4.0,0.365,0,curated_episode,nand,2023-01-09
56.20366382598877,,,,,,,1.0,6.0,0.365,0,curated_episode,nand,2023-01-16
56.20366382598877,,,,,,,1.3333333333333333,6.0,0.5278,0,curated_episode,dram,2023-01-16
61.339779663085935,,,,,,,1.5,8.0,0.5278,0,curated_episode,dram,2023-01-23
61.339779663085935,,,,,,,1.0,8.0,0.365,0,curated_episode,nand,2023-01-23
61.1230224609375,14.858595122401596,,,,,,1.0,7.0,0.365,0,curated_episode,nand,2023-01-30
61.1230224609375,14.858595122401596,,,,,,1.2222222222222223,9.0,0.5278,0,curated_episode,dram,2023-01-30
59.58012161254883,5.78315923006929,,,,,,1.2,10.0,0.5278,0,curated_episode,dram,2023-02-06
59.58012161254883,5.78315923006929,,,,,,1.0,8.0,0.365,0,curated_episode,nand,2023-02-06
59.72396469116211,6.26347221076633,,,,,,1.2,10.0,0.5278,0,curated_episode,dram,2023-02-13
59.72396469116211,6.26347221076633,,,,,,1.0,6.0,0.365,0,curated_episode,nand,2023-02-13
57.023887634277344,-7.0360409713142165,,,,,,1.0,8.0,0.5278,0,curated_episode,dram,2023-02-20
57.023887634277344,-7.0360409713142165,,,,,,1.0,4.0,0.365,0,curated_episode,nand,2023-02-20
23.2720890045166,13.829044504811883,1.4763795321817113,,,,,1.0,3.0,0.82,0,price_derived,gpu,2023-02-27
56.40958023071289,-7.711402415083246,-0.6250830029386671,,,,,1.0,4.0,0.5278,0,curated_episode,dram,2023-02-27
56.40958023071289,-7.711402415083246,-0.6250830029386671,,,,,1.0,2.0,0.365,0,curated_episode,nand,2023-02-27
56.40958023071289,-7.711402415083246,-0.6250830029386671,,,,,1.0,4.0,0.82,0,price_derived,hbm,2023-02-27
55.136637115478514,-7.45799836725144,-1.611082647964574,,,,,1.0,2.0,0.5278,0,curated_episode,dram,2023-03-06
55.136637115478514,-7.45799836725144,-1.611082647964574,,,,,,0.0,0.365,0,curated_episode,nand,2023-03-06
23.4359130859375,7.674899125501078,1.3243458963037822,,,,,1.5,4.0,0.82,1,curated_episode,gpu,2023-03-06
55.136637115478514,-7.45799836725144,-1.611082647964574,,,,,1.0,2.0,0.82,0,price_derived,hbm,2023-03-06
24.454423904418945,10.486423361629548,1.6802301137116715,,,,,1.6666666666666667,3.0,0.82,1,curated_episode,gpu,2023-03-13
54.29326553344727,-9.092998406581787,-1.7890872904931505,,,,,,0.0,0.365,0,curated_episode,nand,2023-03-13
54.29326553344727,-9.092998406581787,-1.7890872904931505,,,,,1.0,1.0,0.82,0,price_derived,hbm,2023-03-13
54.29326553344727,-9.092998406581787,-1.7890872904931505,,,,,1.0,1.0,0.5278,0,curated_episode,dram,2023-03-13
58.512108612060544,2.6098202692315553,0.1703786330084285,,,,,,0.0,0.365,0,curated_episode,nand,2023-03-20
58.512108612060544,2.6098202692315553,0.1703786330084285,,,,,1.0,1.0,0.5278,0,curated_episode,dram,2023-03-20
58.512108612060544,2.6098202692315553,0.1703786330084285,,,,,1.0,1.0,0.82,0,price_derived,hbm,2023-03-20
26.45312385559082,20.01902608527695,2.872132240284291,,,,,2.0,2.0,0.82,1,curated_episode,gpu,2023-03-20
60.305266571044925,6.906072203336455,1.1494582507542672,,,,,1.0,2.0,0.5278,0,curated_episode,dram,2023-03-27
26.96167984008789,15.854145430843003,2.2859531957960737,,,,,2.0,2.0,0.82,1,curated_episode,gpu,2023-03-27
60.305266571044925,6.906072203336455,1.1494582507542672,,,,,1.0,2.0,0.82,0,price_derived,hbm,2023-03-27
60.305266571044925,6.906072203336455,1.1494582507542672,,,,,1.0,1.0,0.365,0,curated_episode,nand,2023-03-27
57.28703212738037,3.900120000786522,-0.1599211670517279,,,,,1.0,1.0,0.365,0,curated_episode,nand,2023-04-03
27.27803134918213,16.39414794361076,1.855094450183268,,,,,1.0,1.0,0.82,1,curated_episode,gpu,2023-04-03
57.28703212738037,3.900120000786522,-0.1599211670517279,,,,,1.0,2.0,0.5278,0,curated_episode,dram,2023-04-03
57.28703212738037,3.900120000786522,-0.1599211670517279,,,,,1.0,2.0,0.82,0,price_derived,hbm,2023-04-03
62.08372955322265,14.34885881928778,2.4133385126374525,,,,,1.0,3.0,0.365,0,curated_episode,nand,2023-04-10
62.08372955322265,14.34885881928778,2.4133385126374525,,,,,1.0,4.0,0.82,0,price_derived,hbm,2023-04-10
62.08372955322265,14.34885881928778,2.4133385126374525,,,,,1.0,4.0,0.5278,0,curated_episode,dram,2023-04-10
26.837733459472656,9.745923945577161,1.1691738284904667,,,,,1.0,2.0,0.82,1,curated_episode,gpu,2023-04-10
60.75687713623047,3.8364170723241386,1.2881435515931763,,,,,1.0,6.0,0.5278,0,curated_episode,dram,2023-04-17
27.30856819152832,3.2338121599831515,1.1654335713298447,,,,,1.0,4.0,0.82,1,curated_episode,gpu,2023-04-17
60.75687713623047,3.8364170723241386,1.2881435515931763,,,,,1.0,6.0,0.82,0,price_derived,hbm,2023-04-17
60.75687713623047,3.8364170723241386,1.2881435515931763,,,,,1.0,5.0,0.365,0,curated_episode,nand,2023-04-17
60.207970428466794,-0.16133937898028528,0.8064983654680552,,,,,1.0,9.0,0.5278,0,curated_episode,dram,2023-04-24
60.207970428466794,-0.16133937898028528,0.8064983654680552,,,,,1.0,9.0,0.82,0,price_derived,hbm,2023-04-24
60.207970428466794,-0.16133937898028528,0.8064983654680552,,,,,1.0,7.0,0.365,0,curated_episode,nand,2023-04-24
26.987427139282225,0.09549590139430464,0.762126207893711,,,,,1.0,8.0,0.82,1,curated_episode,gpu,2023-04-24
28.174990463256837,3.2882105845281284,1.443859075721121,,,,,1.0,9.0,0.82,1,curated_episode,gpu,2023-05-01
60.59694366455078,5.777767523041977,0.7751284485784601,,,,,1.0,10.0,0.5278,0,curated_episode,dram,2023-05-01
60.59694366455078,5.777767523041977,0.7751284485784601,,,,,1.0,10.0,0.82,0,price_derived,hbm,2023-05-01
60.59694366455078,5.777767523041977,0.7751284485784601,,,,,1.0,7.0,0.365,0,curated_episode,nand,2023-05-01
60.087527465820315,-3.2153385464561257,0.3584522624100483,,,,,1.0,5.0,0.365,0,curated_episode,nand,2023-05-08
60.087527465820315,-3.2153385464561257,0.3584522624100483,,,,,1.0,7.0,0.5278,0,curated_episode,dram,2023-05-08
28.646224975585938,6.7386149387177685,1.8321298024677832,,,,,1.0,7.0,0.82,1,curated_episode,gpu,2023-05-08
60.087527465820315,-3.2153385464561257,0.3584522624100483,,,,,1.0,7.0,0.82,0,price_derived,hbm,2023-05-08
30.195244979858398,10.57059003637395,4.203841791898061,,,,,1.0,5.0,0.82,1,curated_episode,gpu,2023-05-15
64.96648025512695,6.928603505176234,3.6435497381731614,,,,,1.0,5.0,0.82,1,price_derived,hbm,2023-05-15
64.96648025512695,6.928603505176234,3.6435497381731614,,,,,1.0,3.0,0.365,0,curated_episode,nand,2023-05-15
64.96648025512695,6.928603505176234,3.6435497381731614,,,,,1.0,5.0,0.5278,0,curated_episode,dram,2023-05-15
67.58859405517578,12.258549115981099,3.3751595667439753,,,,,1.0,2.0,0.365,0,curated_episode,nand,2023-05-22
67.58859405517578,12.258549115981099,3.3751595667439753,,,,,1.0,3.0,0.82,1,price_derived,hbm,2023-05-22
33.79625930786133,25.229645395386125,5.533822670342617,,,,,1.0,3.0,0.82,1,curated_episode,gpu,2023-05-22
67.58859405517578,12.258549115981099,3.3751595667439753,,,,,1.0,3.0,0.5278,0,curated_episode,dram,2023-05-22
68.6503677368164,13.290148950163783,2.3194466530515876,,,,,1.0,3.0,0.82,1,price_derived,hbm,2023-05-29
39.180108070373535,39.05988050455078,4.778391003539785,,,,,1.0,3.0,0.82,1,curated_episode,gpu,2023-05-29
68.6503677368164,13.290148950163783,2.3194466530515876,,,,,1.0,2.0,0.365,0,curated_episode,nand,2023-05-29
68.6503677368164,13.290148950163783,2.3194466530515876,,,,,1.0,3.0,0.5278,0,curated_episode,dram,2023-05-29
38.43950576782227,34.186985547250174,2.0582695781367417,,,,,1.0,4.0,0.82,1,curated_episode,gpu,2023-06-05
65.77404327392578,9.463720755260141,0.8166708380011879,,,,,1.0,4.0,0.5278,0,curated_episode,dram,2023-06-05
65.77404327392578,9.463720755260141,0.8166708380011879,,,,,1.0,4.0,0.82,0,price_derived,hbm,2023-06-05
65.77404327392578,9.463720755260141,0.8166708380011879,,,,,1.0,3.0,0.365,0,curated_episode,nand,2023-06-05
67.31414489746093,3.6136552774824304,1.1202771012265207,,,,,1.0,5.0,0.82,0,price_derived,hbm,2023-06-12
41.68798828125,38.061434206140035,2.1827677405888912,,,,,1.0,4.0,0.82,1,curated_episode,gpu,2023-06-12
67.31414489746093,3.6136552774824304,1.1202771012265207,,,,,1.0,4.0,0.365,0,curated_episode,nand,2023-06-12
67.31414489746093,3.6136552774824304,1.1202771012265207,,,,,1.0,5.0,0.5278,0,curated_episode,dram,2023-06-12
65.21477127075195,-3.51216476331192,0.24402378772346522,,,,,1.0,3.0,0.82,0,price_derived,hbm,2023-06-19
65.21477127075195,-3.51216476331192,0.24402378772346522,,,,,1.0,3.0,0.5278,0,curated_episode,dram,2023-06-19
42.9381046295166,27.0498732962698,1.7851204985802203,,,,,1.0,2.0,0.82,1,curated_episode,gpu,2023-06-19
65.21477127075195,-3.51216476331192,0.24402378772346522,,,,,1.0,2.0,0.365,0,curated_episode,nand,2023-06-19
64.51629867553712,-6.021918305125462,-0.17223525203660037,,,,,1.0,3.0,0.82,0,price_derived,hbm,2023-06-26
41.269404602050784,5.332544075489909,1.058715537364111,,,,,1.0,2.0,0.82,1,curated_episode,gpu,2023-06-26
64.51629867553712,-6.021918305125462,-0.17223525203660037,,,,,1.0,3.0,0.5278,0,curated_episode,dram,2023-06-26
64.51629867553712,-6.021918305125462,-0.17223525203660037,,,,,1.0,3.0,0.365,0,curated_episode,nand,2023-06-26
42.25168800354004,9.917354970023972,1.0246127572031714,,,,,1.0,2.0,0.82,1,curated_episode,gpu,2023-07-03
61.19770812988281,-6.957661284382565,-1.7570093105434628,,,,,1.0,3.0,0.5278,0,curated_episode,dram,2023-07-03
61.19770812988281,-6.957661284382565,-1.7570093105434628,,,,,1.0,3.0,0.82,0,price_derived,hbm,2023-07-03
61.19770812988281,-6.957661284382565,-1.7570093105434628,,,,,1.0,3.0,0.365,0,curated_episode,nand,2023-07-03
63.00172119140625,-6.406415342011352,-1.227597481058464,,,,,1.0,2.0,0.5278,0,curated_episode,dram,2023-07-10
63.00172119140625,-6.406415342011352,-1.227597481058464,,,,,1.0,2.0,0.82,0,price_derived,hbm,2023-07-10
63.00172119140625,-6.406415342011352,-1.227597481058464,,,,,1.0,2.0,0.365,0,curated_episode,nand,2023-07-10
43.90107421875,5.308689693945667,1.226452920943364,,,,,1.0,2.0,0.82,1,curated_episode,gpu,2023-07-10
64.37063903808594,-1.2943880906388983,-0.4451178930976741,,,,,1.0,2.0,0.82,0,price_derived,hbm,2023-07-17
64.37063903808594,-1.2943880906388983,-0.4451178930976741,,,,,1.0,2.0,0.5278,0,curated_episode,dram,2023-07-17
64.37063903808594,-1.2943880906388983,-0.4451178930976741,,,,,1.0,2.0,0.365,0,curated_episode,nand,2023-07-17
46.08242492675781,7.322913585430446,1.8641337834787324,,,,,1.0,2.0,0.82,1,curated_episode,gpu,2023-07-17
67.41904296875,4.49924182385486,1.1017843634615276,,,,,1.0,4.0,0.5278,0,curated_episode,dram,2023-07-24
67.41904296875,4.49924182385486,1.1017843634615276,,,,,1.0,3.0,0.365,0,curated_episode,nand,2023-07-24
67.41904296875,4.49924182385486,1.1017843634615276,,,,,1.0,4.0,0.82,0,price_derived,hbm,2023-07-24
45.589785766601565,10.46872666618528,1.571455314765138,,,,,1.0,5.0,0.82,1,curated_episode,gpu,2023-07-24
69.12029113769532,12.945881880082876,2.1773853635091283,,,,,1.0,3.0,0.365,0,curated_episode,nand,2023-07-31
69.12029113769532,12.945881880082876,2.1773853635091283,,,,,1.0,4.0,0.5278,0,curated_episode,dram,2023-07-31
69.12029113769532,12.945881880082876,2.1773853635091283,,,,,1.0,4.0,0.82,0,price_derived,hbm,2023-07-31
45.251844787597655,7.100679110870667,1.074562867220757,,,,,1.0,5.0,0.82,1,curated_episode,gpu,2023-07-31
43.091654205322264,-1.8437362361443776,-0.30415572393841617,,,,,1.0,5.0,0.82,1,curated_episode,gpu,2023-08-07
65.98089599609375,4.728719705349693,0.29441692617989657,,,,,1.0,4.0,0.82,0,price_derived,hbm,2023-08-07
65.98089599609375,4.728719705349693,0.29441692617989657,,,,,1.0,3.0,0.365,0,curated_episode,nand,2023-08-07
65.98089599609375,4.728719705349693,0.29441692617989657,,,,,1.0,4.0,0.5278,0,curated_episode,dram,2023-08-07
64.28755493164063,-0.12907143332250293,-0.3522691377598553,,,,,1.0,4.0,0.82,0,price_derived,hbm,2023-08-14
43.47969436645508,-5.64798958483509,-0.1978485182523339,,,,,1.0,5.0,0.82,1,curated_episode,gpu,2023-08-14
64.28755493164063,-0.12907143332250293,-0.3522691377598553,,,,,1.0,3.0,0.365,0,curated_episode,nand,2023-08-14
64.28755493164063,-0.12907143332250293,-0.3522691377598553,,,,,1.0,4.0,0.5278,0,curated_episode,dram,2023-08-14
46.49582366943359,1.9873703892150596,1.6681247562622719,,,,,1.0,2.0,0.82,1,curated_episode,gpu,2023-08-21
63.29646987915039,-6.1148496152793275,-0.7258991214042517,,,,,1.0,2.0,0.82,0,price_derived,hbm,2023-08-21
63.29646987915039,-6.1148496152793275,-0.7258991214042517,,,,,1.0,2.0,0.365,0,curated_episode,nand,2023-08-21
63.29646987915039,-6.1148496152793275,-0.7258991214042517,,,,,1.0,2.0,0.5278,0,curated_episode,dram,2023-08-21
67.33991394042968,-2.575766345831687,1.0468845362789803,,,,,1.0,1.0,0.365,0,curated_episode,nand,2023-08-28
67.33991394042968,-2.575766345831687,1.0468845362789803,,,,,1.0,1.0,0.5278,0,curated_episode,dram,2023-08-28
67.33991394042968,-2.575766345831687,1.0468845362789803,,,,,1.0,1.0,0.82,0,price_derived,hbm,2023-08-28
48.455003356933595,7.078514885682274,2.726891940644388,,,,,1.0,1.0,0.82,1,curated_episode,gpu,2023-08-28
69.42247009277344,5.216016006941526,1.8486915710561158,,,,,1.0,1.0,0.82,0,price_derived,hbm,2023-09-04
46.767255783081055,8.529729585792545,0.8841613218846107,,,,,1.0,1.0,0.82,1,curated_episode,gpu,2023-09-04
69.42247009277344,5.216016006941526,1.8486915710561158,,,,,1.0,1.0,0.5278,0,curated_episode,dram,2023-09-04
69.42247009277344,5.216016006941526,1.8486915710561158,,,,,1.0,1.0,0.365,0,curated_episode,nand,2023-09-04
44.91899871826172,3.31029086744703,-0.4475995332361254,,,,,1.0,2.0,0.82,1,curated_episode,gpu,2023-09-11
69.8027847290039,8.579000715189466,1.5834096728420561,,,,,1.0,2.0,0.365,0,curated_episode,nand,2023-09-11
69.8027847290039,8.579000715189466,1.5834096728420561,,,,,1.0,2.0,0.5278,0,curated_episode,dram,2023-09-11
69.8027847290039,8.579000715189466,1.5834096728420561,,,,,1.0,2.0,0.82,0,price_derived,hbm,2023-09-11
68.77609252929688,8.657074652991747,0.7515648186507314,,,,,1.0,1.0,0.82,0,price_derived,hbm,2023-09-18
68.77609252929688,8.657074652991747,0.7515648186507314,,,,,1.0,1.0,0.5278,0,curated_episode,dram,2023-09-18
68.77609252929688,8.657074652991747,0.7515648186507314,,,,,1.0,1.0,0.365,0,curated_episode,nand,2023-09-18
42.39131469726563,-8.827693862032326,-1.8948912167071996,,,,,1.0,1.0,0.82,1,curated_episode,gpu,2023-09-18
66.85526275634766,-0.7197086478470394,-0.1715136050742611,,,,,1.0,2.0,0.5278,0,curated_episode,dram,2023-09-25
42.55840377807617,-12.169227469496525,-1.3150287073155171,,,,,1.0,1.0,0.82,1,curated_episode,gpu,2023-09-25
66.85526275634766,-0.7197086478470394,-0.1715136050742611,,,,,1.0,2.0,0.365,0,curated_episode,nand,2023-09-25
66.85526275634766,-0.7197086478470394,-0.1715136050742611,,,,,1.0,2.0,0.82,0,price_derived,hbm,2023-09-25
67.85755310058593,-2.2541937647799215,0.4012841660409855,,,,,1.0,2.0,0.365,0,price_derived,nand,2023-10-02
67.85755310058593,-2.2541937647799215,0.4012841660409855,,,,,1.0,2.0,0.82,0,price_derived,hbm,2023-10-02
67.85755310058593,-2.2541937647799215,0.4012841660409855,,,,,1.0,2.0,0.5278,0,price_derived,dram,2023-10-02
44.47503128051758,-4.901344892237047,-0.1397189095598388,,,,,1.0,1.0,0.82,1,curated_episode,gpu,2023-10-02
45.97083969116211,2.3416394018435094,0.5090753514374804,,,,,1.0,2.0,0.82,1,curated_episode,gpu,2023-10-09
68.90073699951172,-1.2922804340746774,0.7732130336166491,,,,,1.0,3.0,0.365,0,price_derived,nand,2023-10-09
68.90073699951172,-1.2922804340746774,0.7732130336166491,,,,,1.0,3.0,0.5278,0,price_derived,dram,2023-10-09
68.90073699951172,-1.2922804340746774,0.7732130336166491,,,,,1.0,3.0,0.82,0,price_derived,hbm,2023-10-09
43.06306381225586,1.584638551051043,-1.1171446969837568,,,,,1.0,4.0,0.82,1,curated_episode,gpu,2023-10-16
67.7613754272461,-1.475392196232339,-0.010312697066174832,,,,,1.0,4.0,0.365,0,price_derived,nand,2023-10-16
67.7613754272461,-1.475392196232339,-0.010312697066174832,,,,,1.0,4.0,0.5278,0,price_derived,dram,2023-10-16
67.7613754272461,-1.475392196232339,-0.010312697066174832,,,,,1.0,4.0,0.82,0,price_derived,hbm,2023-10-16
65.71249084472656,-1.7093222949192466,-2.697363045379063,,,,,1.0,7.0,0.5278,0,price_derived,dram,2023-10-23
65.71249084472656,-1.7093222949192466,-2.697363045379063,,,,,1.0,7.0,0.82,0,price_derived,hbm,2023-10-23
65.71249084472656,-1.7093222949192466,-2.697363045379063,,,,,1.0,6.0,0.365,0,price_derived,nand,2023-10-23
41.77067413330078,-1.8509379460824316,-1.5140083949521717,,,,,1.2222222222222223,9.0,0.82,1,curated_episode,gpu,2023-10-23
68.4331039428711,0.848175060824885,0.23157799899376233,,,,,1.0,9.0,0.5278,0,price_derived,dram,2023-10-30
68.4331039428711,0.848175060824885,0.23157799899376233,,,,,1.0,9.0,0.82,0,price_derived,hbm,2023-10-30
42.47616119384766,-4.494364656120053,-0.8900714003562841,,,,,1.1818181818181819,11.0,0.82,1,curated_episode,gpu,2023-10-30
68.4331039428711,0.848175060824885,0.23157799899376233,,,,,1.0,8.0,0.365,0,price_derived,nand,2023-10-30
46.626014709472656,1.4251969785892271,2.2871158019059887,,,,,1.2,10.0,0.82,1,curated_episode,gpu,2023-11-06
72.70719451904297,5.524552690282869,3.9207613159049393,,,,,1.0,8.0,0.82,1,curated_episode,hbm,2023-11-06
72.70719451904297,5.524552690282869,3.9207613159049393,,,,,1.0,8.0,0.5278,1,price_derived,dram,2023-11-06
72.70719451904297,5.524552690282869,3.9207613159049393,,,,,1.0,7.0,0.365,1,price_derived,nand,2023-11-06
49.096807861328124,14.011413761403201,3.2060322906830745,,,,,1.25,8.0,0.82,1,curated_episode,gpu,2023-11-13
75.95487823486329,12.09170084868536,3.9637531360322873,,,,,1.0,6.0,0.365,1,price_derived,nand,2023-11-13
75.95487823486329,12.09170084868536,3.9637531360322873,,,,,1.0,7.0,0.82,1,curated_episode,hbm,2023-11-13
75.95487823486329,12.09170084868536,3.9637531360322873,,,,,1.0,7.0,0.5278,1,price_derived,dram,2023-11-13
49.11961650848389,17.593545059222105,1.941667843369478,,,,,1.0,4.0,0.82,1,curated_episode,gpu,2023-11-20
76.6097640991211,16.583260068689132,2.318747817618228,,,,,1.0,3.0,0.365,1,price_derived,nand,2023-11-20
76.6097640991211,16.583260068689132,2.318747817618228,,,,,1.0,3.0,0.82,1,curated_episode,hbm,2023-11-20
76.6097640991211,16.583260068689132,2.318747817618228,,,,,1.0,3.0,0.5278,1,price_derived,dram,2023-11-20
75.76663208007812,10.716345912541335,1.384025197302443,,,,,1.0,2.0,0.82,1,curated_episode,hbm,2023-11-27
75.76663208007812,10.716345912541335,1.384025197302443,,,,,1.0,2.0,0.365,0,price_derived,nand,2023-11-27
47.45906448364258,11.73105843311626,0.7973195993369215,,,,,1.0,2.0,0.82,1,curated_episode,gpu,2023-11-27
75.76663208007812,10.716345912541335,1.384025197302443,,,,,1.0,2.0,0.5278,0,price_derived,dram,2023-11-27
46.25318450927735,-0.7996184158530761,0.20273167305559361,,,,,1.0,2.0,0.82,1,curated_episode,gpu,2023-12-04
73.26002960205078,0.7603581552895866,0.4426603964112482,,,,,1.0,2.0,0.365,0,price_derived,nand,2023-12-04
73.26002960205078,0.7603581552895866,0.4426603964112482,,,,,1.0,2.0,0.5278,0,price_derived,dram,2023-12-04
73.26002960205078,0.7603581552895866,0.4426603964112482,,,,,1.0,2.0,0.82,1,curated_episode,hbm,2023-12-04
79.12923583984374,4.179267584584756,1.8088136219147206,,,,,1.0,2.0,0.5278,0,price_derived,dram,2023-12-11
79.12923583984374,4.179267584584756,1.8088136219147206,,,,,1.0,2.0,0.82,1,curated_episode,hbm,2023-12-11
79.12923583984374,4.179267584584756,1.8088136219147206,,,,,1.0,2.0,0.365,0,price_derived,nand,2023-12-11
47.83737030029297,-2.565212721349186,0.7666745570622039,,,,,1.0,2.0,0.82,1,curated_episode,gpu,2023-12-11
82.11139526367188,7.181370715921442,2.0749372600998264,,,,,1.0,3.0,0.365,0,price_derived,nand,2023-12-18
82.11139526367188,7.181370715921442,2.0749372600998264,,,,,1.6666666666666667,3.0,0.5278,0,price_derived,dram,2023-12-18
49.035238647460936,-0.1717803741573931,1.0344532963081932,,,,,1.0,1.0,0.82,1,curated_episode,gpu,2023-12-18
82.11139526367188,7.181370715921442,2.0749372600998264,,,,,1.0,3.0,0.82,1,curated_episode,hbm,2023-12-18
85.4953784942627,12.840410279689095,2.5694132428149823,,,,,1.0,2.0,0.365,0,price_derived,nand,2023-12-25
49.347289085388184,3.978638479897567,1.0134972828309434,,,,,1.0,1.0,0.82,1,curated_episode,gpu,2023-12-25
85.4953784942627,12.840410279689095,2.5694132428149823,,,,,2.0,2.0,0.5278,0,price_derived,dram,2023-12-25
85.4953784942627,12.840410279689095,2.5694132428149823,,,,,1.0,2.0,0.82,1,curated_episode,hbm,2023-12-25
82.03483390808105,11.977615015575482,1.0730639308071357,,,,,2.8823529411764706,119.0,0.5278,1,curated_episode,dram,2024-01-01
82.03483390808105,11.977615015575482,1.0730639308071357,,,,,3.8636363636363638,110.0,0.82,1,curated_episode,hbm,2024-01-01
48.122464179992676,4.04140750641806,0.02235282810745309,,,,,3.442857142857143,350.0,0.82,1,curated_episode,gpu,2024-01-01
82.03483390808105,11.977615015575482,1.0730639308071357,,,,,3.3076923076923075,39.0,0.365,0,price_derived,nand,2024-01-01
82.62809753417969,4.421705400286657,0.993154880167057,,,,,2.8666666666666667,120.0,0.5278,1,curated_episode,dram,2024-01-08
82.62809753417969,4.421705400286657,0.993154880167057,,,,,3.25,40.0,0.365,0,price_derived,nand,2024-01-08
82.62809753417969,4.421705400286657,0.993154880167057,,,,,3.8378378378378377,111.0,0.82,1,curated_episode,hbm,2024-01-08
53.75944366455078,12.379596384756852,5.446989127643619,,,,,3.442857142857143,350.0,0.82,1,curated_episode,gpu,2024-01-08
57.15665531158447,16.562408765892833,3.9811604107505545,,,,,3.428977272727273,352.0,0.82,1,curated_episode,gpu,2024-01-15
84.38110160827637,2.76417948728811,1.2258243077777,,,,,3.7876106194690267,113.0,0.82,1,curated_episode,hbm,2024-01-15
84.38110160827637,2.76417948728811,1.2258243077777,,,,,2.819672131147541,122.0,0.5278,1,curated_episode,dram,2024-01-15
84.38110160827637,2.76417948728811,1.2258243077777,,,,,3.1951219512195124,41.0,0.365,0,price_derived,nand,2024-01-15
87.71943054199218,2.6013710763076237,1.792881249560346,,,,,3.7876106194690267,113.0,0.82,1,curated_episode,hbm,2024-01-22
87.71943054199218,2.6013710763076237,1.792881249560346,,,,,2.819672131147541,122.0,0.5278,1,curated_episode,dram,2024-01-22
60.59968566894531,22.80246147683316,3.1088074565922326,,,,,3.428977272727273,352.0,0.82,1,curated_episode,gpu,2024-01-22
87.71943054199218,2.6013710763076237,1.792881249560346,,,,,3.1951219512195124,41.0,0.365,0,price_derived,nand,2024-01-22
85.92774353027343,4.745434880205068,0.9310869890248488,,,,,1.0,6.0,0.365,0,price_derived,nand,2024-01-29
85.92774353027343,4.745434880205068,0.9310869890248488,,,,,1.0,8.0,0.82,1,curated_episode,hbm,2024-01-29
85.92774353027343,4.745434880205068,0.9310869890248488,,,,,1.25,8.0,0.5278,1,curated_episode,dram,2024-01-29
63.07847900390625,31.079071030056827,2.418179122289619,,,,,1.0,6.0,0.82,1,curated_episode,gpu,2024-01-29
84.7610580444336,2.581398548322622,0.4240840681884195,,,,,1.0,8.0,0.82,1,curated_episode,hbm,2024-02-05
84.7610580444336,2.581398548322622,0.4240840681884195,,,,,1.25,8.0,0.5278,1,curated_episode,dram,2024-02-05
69.76160125732422,29.766226177160625,2.8671998282253375,,,,,1.0,7.0,0.82,1,curated_episode,gpu,2024-02-05
84.7610580444336,2.581398548322622,0.4240840681884195,,,,,1.0,6.0,0.365,0,price_derived,nand,2024-02-05
81.38800201416015,-3.5471207854231745,-1.5822444845746706,,,,,1.0,4.0,0.365,0,price_derived,nand,2024-02-12
81.38800201416015,-3.5471207854231745,-1.5822444845746706,,,,,1.3333333333333333,6.0,0.5278,1,curated_episode,dram,2024-02-12
72.58039093017578,26.98502131468361,2.2368260984103827,,,,,1.0,6.0,0.82,1,curated_episode,gpu,2024-02-12
81.38800201416015,-3.5471207854231745,-1.5822444845746706,,,,,1.0,6.0,0.82,1,curated_episode,hbm,2024-02-12
82.86570358276367,-5.533240388405147,-0.708758661834377,,,,,1.0,6.0,0.82,1,curated_episode,hbm,2024-02-19
82.86570358276367,-5.533240388405147,-0.708758661834377,,,,,1.3333333333333333,6.0,0.5278,1,curated_episode,dram,2024-02-19
82.86570358276367,-5.533240388405147,-0.708758661834377,,,,,1.0,4.0,0.365,0,price_derived,nand,2024-02-19
73.4392147064209,21.18745154491004,1.6882643886075595,,,,,1.0,7.0,0.82,1,curated_episode,gpu,2024-02-19
90.63217163085938,5.474865168463916,3.3283754205806004,,,,,1.0,2.0,0.82,1,curated_episode,hbm,2024-02-26
90.63217163085938,5.474865168463916,3.3283754205806004,,,,,1.0,1.0,0.365,0,price_derived,nand,2024-02-26
90.63217163085938,5.474865168463916,3.3283754205806004,,,,,1.0,2.0,0.5278,1,curated_episode,dram,2024-02-26
79.22857055664062,25.60317212425849,1.9709202478680339,,,,,1.0,3.0,0.82,1,curated_episode,gpu,2024-02-26
95.7155746459961,12.923997003222754,3.785974147843263,,,,,1.0,1.0,0.365,0,price_derived,nand,2024-03-04
95.7155746459961,12.923997003222754,3.785974147843263,,,,,1.0,2.0,0.82,1,curated_episode,hbm,2024-03-04
95.7155746459961,12.923997003222754,3.785974147843263,,,,,1.0,2.0,0.5278,1,curated_episode,dram,2024-03-04
87.86674652099609,25.952880864773764,2.6054756001676753,,,,,1.0,3.0,0.82,1,curated_episode,gpu,2024-03-04
88.7176727294922,22.23366613558322,1.9208710259120512,,,,,1.0,3.0,0.82,1,curated_episode,gpu,2024-03-11
93.40800170898437,14.768761239197081,1.5529688140079831,,,,,1.0,2.0,0.5278,1,curated_episode,dram,2024-03-11
93.40800170898437,14.768761239197081,1.5529688140079831,,,,,1.0,2.0,0.365,0,price_derived,nand,2024-03-11
93.40800170898437,14.768761239197081,1.5529688140079831,,,,,1.0,2.0,0.82,1,curated_episode,hbm,2024-03-11
100.01920013427734,20.70035709572091,2.5731729661863247,,,,,1.0,3.0,0.82,1,curated_episode,hbm,2024-03-18
100.01920013427734,20.70035709572091,2.5731729661863247,,,,,1.0,3.0,0.5278,1,curated_episode,dram,2024-03-18
90.63296051025391,23.412213587204576,1.6711064191855072,,,,,1.0,2.0,0.82,1,curated_episode,gpu,2024-03-18
100.01920013427734,20.70035709572091,2.5731729661863247,,,,,1.0,3.0,0.365,1,price_derived,nand,2024-03-18
117.35866928100586,29.488974134926682,4.496203419844079,,,,,1.0,3.0,0.82,1,curated_episode,hbm,2024-03-25
117.35866928100586,29.488974134926682,4.496203419844079,,,,,1.0,3.0,0.5278,1,curated_episode,dram,2024-03-25
117.35866928100586,29.488974134926682,4.496203419844079,,,,,1.0,3.0,0.365,1,price_derived,nand,2024-03-25
91.88324546813965,15.972363028375213,1.452481378201244,,,,,1.0,2.0,0.82,1,curated_episode,gpu,2024-03-25
123.67846984863282,29.214571720493176,2.77515611486699,,,,,1.0,2.0,0.365,1,price_derived,nand,2024-04-01
123.67846984863282,29.214571720493176,2.77515611486699,,,,,1.0,2.0,0.82,1,curated_episode,hbm,2024-04-01
123.67846984863282,29.214571720493176,2.77515611486699,,,,,1.0,2.0,0.5278,1,curated_episode,dram,2024-04-01
88.38545379638671,0.5903339954287157,0.7839286674189797,,,,,1.0,1.0,0.82,1,curated_episode,gpu,2024-04-01
122.70132141113281,31.360610618148876,1.7245163271694037,,,,,1.0,3.0,0.365,0,price_derived,nand,2024-04-08
122.70132141113281,31.360610618148876,1.7245163271694037,,,,,1.0,3.0,0.5278,1,curated_episode,dram,2024-04-08
87.51415405273437,-1.3565715147053736,0.46832462985110246,,,,,1.0,1.0,0.82,1,curated_episode,gpu,2024-04-08
122.70132141113281,31.360610618148876,1.7245163271694037,,,,,1.0,3.0,0.82,1,curated_episode,hbm,2024-04-08
114.82854766845703,14.806504665402166,0.7833474670620192,,,,,1.0,3.0,0.82,1,curated_episode,hbm,2024-04-15
114.82854766845703,14.806504665402166,0.7833474670620192,,,,,1.0,3.0,0.5278,1,curated_episode,dram,2024-04-15
114.82854766845703,14.806504665402166,0.7833474670620192,,,,,1.0,3.0,0.365,0,price_derived,nand,2024-04-15
83.51986999511719,-7.848238074857949,-0.4132813209435972,,,,,1.0,1.0,0.82,1,curated_episode,gpu,2024-04-15
111.176171875,-5.268036391246367,0.302172960048014,,,,,1.0,6.0,0.5278,1,curated_episode,dram,2024-04-22
111.176171875,-5.268036391246367,0.302172960048014,,,,,1.0,6.0,0.82,1,curated_episode,hbm,2024-04-22
82.2546615600586,-10.479150860446861,-1.308937262955466,,,,,1.0,4.0,0.82,1,curated_episode,gpu,2024-04-22
111.176171875,-5.268036391246367,0.302172960048014,,,,,1.0,5.0,0.365,0,price_derived,nand,2024-04-22
112.0242202758789,-9.423022121002367,0.1929222459109185,,,,,1.0,8.0,0.5278,1,curated_episode,dram,2024-04-29
86.2120132446289,-2.4590477939557265,-0.45316216000149706,,,,,1.0,6.0,0.82,1,curated_episode,gpu,2024-04-29
112.0242202758789,-9.423022121002367,0.1929222459109185,,,,,1.0,8.0,0.82,1,curated_episode,hbm,2024-04-29
112.0242202758789,-9.423022121002367,0.1929222459109185,,,,,1.0,7.0,0.365,0,price_derived,nand,2024-04-29
118.709326171875,-3.2534248151101064,0.6908185576322882,,,,,1.0,6.0,0.82,1,curated_episode,hbm,2024-05-06
90.19012451171875,3.0577573284567006,0.9072124665260284,,,,,1.0,5.0,0.82,1,curated_episode,gpu,2024-05-06
118.709326171875,-3.2534248151101064,0.6908185576322882,,,,,1.0,5.0,0.365,0,price_derived,nand,2024-05-06
118.709326171875,-3.2534248151101064,0.6908185576322882,,,,,1.0,6.0,0.5278,1,curated_episode,dram,2024-05-06
92.48455505371093,10.733595561293185,1.5336001781084838,,,,,1.0,6.0,0.82,1,curated_episode,gpu,2024-05-13
124.88401947021484,8.756944162344404,1.3858460346701253,,,,,1.0,6.0,0.82,1,curated_episode,hbm,2024-05-13
124.88401947021484,8.756944162344404,1.3858460346701253,,,,,1.0,5.0,0.365,0,price_derived,nand,2024-05-13
124.88401947021484,8.756944162344404,1.3858460346701253,,,,,1.0,6.0,0.5278,1,curated_episode,dram,2024-05-13
126.81845092773438,14.069812612653765,1.7528176210697528,,,,,1.0,4.0,0.5278,1,curated_episode,dram,2024-05-20
126.81845092773438,14.069812612653765,1.7528176210697528,,,,,1.0,4.0,0.82,1,curated_episode,hbm,2024-05-20
126.81845092773438,14.069812612653765,1.7528176210697528,,,,,1.0,4.0,0.365,0,price_derived,nand,2024-05-20
98.90564422607422,20.243208530932733,3.198559650997314,,,,,1.0,5.0,0.82,1,curated_episode,gpu,2024-05-20
127.98724937438965,14.249623036160441,1.5213600863910037,,,,,1.0,2.0,0.365,0,price_derived,nand,2024-05-27
127.98724937438965,14.249623036160441,1.5213600863910037,,,,,1.0,3.0,0.5278,1,curated_episode,dram,2024-05-27
127.98724937438965,14.249623036160441,1.5213600863910037,,,,,1.0,3.0,0.82,1,curated_episode,hbm,2024-05-27
112.02090263366699,29.936534849040886,4.705699611412134,,,,,1.0,4.0,0.82,1,curated_episode,gpu,2024-05-27
129.0011444091797,8.669763841809308,1.46057675267548,,,,,1.0,4.0,0.365,0,price_derived,nand,2024-06-03
129.0011444091797,8.669763841809308,1.46057675267548,,,,,1.0,5.0,0.82,1,curated_episode,hbm,2024-06-03
118.94676971435547,31.88447222833166,2.9807842707613146,,,,,1.2857142857142858,7.0,0.82,1,curated_episode,gpu,2024-06-03
129.0011444091797,8.669763841809308,1.46057675267548,,,,,1.0,5.0,0.5278,1,curated_episode,dram,2024-06-03
138.05960388183593,10.55025652402508,2.5173943154884952,,,,,1.0,5.0,0.5278,1,curated_episode,dram,2024-06-10
125.66886901855469,35.880925139956375,2.3827836554055017,,,,,1.2857142857142858,7.0,0.82,1,curated_episode,gpu,2024-06-10
138.05960388183593,10.55025652402508,2.5173943154884952,,,,,1.0,4.0,0.365,0,price_derived,nand,2024-06-10
138.05960388183593,10.55025652402508,2.5173943154884952,,,,,1.0,5.0,0.82,1,curated_episode,hbm,2024-06-10
145.23377227783203,14.52101111106565,2.5389303368228306,,,,,1.0,3.0,0.365,0,price_derived,nand,2024-06-17
145.23377227783203,14.52101111106565,2.5389303368228306,,,,,1.0,4.0,0.5278,1,curated_episode,dram,2024-06-17
130.76197814941406,32.20881292732296,1.9864535874116231,,,,,1.4,5.0,0.82,1,curated_episode,gpu,2024-06-17
145.23377227783203,14.52101111106565,2.5389303368228306,,,,,1.0,4.0,0.82,1,curated_episode,hbm,2024-06-17
136.29398193359376,6.490281336467474,0.8721972295244749,,,,,1.0,5.0,0.82,1,curated_episode,hbm,2024-06-24
136.29398193359376,6.490281336467474,0.8721972295244749,,,,,1.0,5.0,0.5278,1,curated_episode,dram,2024-06-24
123.42257080078124,10.178161306555623,1.0267484173676427,,,,,1.4,5.0,0.82,1,curated_episode,gpu,2024-06-24
136.29398193359376,6.490281336467474,0.8721972295244749,,,,,1.0,5.0,0.365,0,price_derived,nand,2024-06-24
132.20516204833984,2.4837125700197804,0.1685585053751016,,,,,1.0,3.0,0.5278,1,curated_episode,dram,2024-07-01
125.06386756896973,5.142718771854127,0.9152758409435078,,,,,1.0,3.0,0.82,1,curated_episode,gpu,2024-07-01
132.20516204833984,2.4837125700197804,0.1685585053751016,,,,,1.0,3.0,0.82,1,curated_episode,hbm,2024-07-01
132.20516204833984,2.4837125700197804,0.1685585053751016,,,,,1.0,3.0,0.365,0,price_derived,nand,2024-07-01
131.59275817871094,-4.684096956166783,-0.15057393050470935,,,,,1.0,2.0,0.5278,1,curated_episode,dram,2024-07-08
131.59275817871094,-4.684096956166783,-0.15057393050470935,,,,,1.0,2.0,0.365,0,price_derived,nand,2024-07-08
131.59275817871094,-4.684096956166783,-0.15057393050470935,,,,,1.0,2.0,0.82,1,curated_episode,hbm,2024-07-08
130.0117172241211,3.4557868145731474,1.0985738725467233,,,,,1.0,2.0,0.82,1,curated_episode,gpu,2024-07-08
122.16065063476563,-6.577850562049614,0.15678139605115057,,,,,1.0,2.0,0.82,1,curated_episode,gpu,2024-07-15
121.17069396972656,-16.56851428610753,-2.1175433866859272,,,,,1.0,3.0,0.82,1,curated_episode,hbm,2024-07-15
121.17069396972656,-16.56851428610753,-2.1175433866859272,,,,,1.0,3.0,0.5278,1,curated_episode,dram,2024-07-15
121.17069396972656,-16.56851428610753,-2.1175433866859272,,,,,1.0,3.0,0.365,0,price_derived,nand,2024-07-15
110.65519561767579,-18.811385471450905,-3.2447905378712454,,,,,1.0,2.0,0.365,0,price_derived,nand,2024-07-22
110.65519561767579,-18.811385471450905,-3.2447905378712454,,,,,1.0,2.0,0.82,1,curated_episode,hbm,2024-07-22
110.65519561767579,-18.811385471450905,-3.2447905378712454,,,,,1.0,2.0,0.5278,1,curated_episode,dram,2024-07-22
116.95124053955078,-5.243230812033528,-1.1576027597569944,,,,,1.0,2.0,0.82,1,curated_episode,gpu,2024-07-22
109.58337860107422,-12.378066718077774,-3.205538379329032,,,,,1.0,4.0,0.82,1,curated_episode,gpu,2024-07-29
102.26069488525391,-22.649998456290955,-2.835464951155229,,,,,1.0,5.0,0.82,1,curated_episode,hbm,2024-07-29
102.26069488525391,-22.649998456290955,-2.835464951155229,,,,,1.0,4.0,0.365,0,price_derived,nand,2024-07-29
102.26069488525391,-22.649998456290955,-2.835464951155229,,,,,1.0,5.0,0.5278,1,curated_episode,dram,2024-07-29
89.72359924316406,-31.817221186811828,-2.7336734168341663,,,,,1.0,8.0,0.5278,1,curated_episode,dram,2024-08-05
89.72359924316406,-31.817221186811828,-2.7336734168341663,,,,,1.0,8.0,0.82,1,curated_episode,hbm,2024-08-05
89.72359924316406,-31.817221186811828,-2.7336734168341663,,,,,1.0,6.0,0.365,1,curated_episode,nand,2024-08-05
102.49705963134765,-21.163213731991725,-3.1458933048248863,,,,,1.0,6.0,0.82,1,curated_episode,gpu,2024-08-05
100.86724090576172,-16.75607558130968,-1.148014864113394,,,,,1.0,5.0,0.365,1,curated_episode,nand,2024-08-12
100.86724090576172,-16.75607558130968,-1.148014864113394,,,,,1.0,7.0,0.82,1,curated_episode,hbm,2024-08-12
100.86724090576172,-16.75607558130968,-1.148014864113394,,,,,1.0,7.0,0.5278,1,curated_episode,dram,2024-08-12
117.94160766601563,-3.4536841010810004,-0.22902701654233953,,,,,1.0,6.0,0.82,1,curated_episode,gpu,2024-08-12
127.56174926757812,9.072591858860246,1.0969100175913389,,,,,1.0,6.0,0.82,1,curated_episode,gpu,2024-08-19
105.7632049560547,-4.420931736927547,-0.6098431423485482,,,,,1.0,5.0,0.365,1,curated_episode,nand,2024-08-19
105.7632049560547,-4.420931736927547,-0.6098431423485482,,,,,1.0,7.0,0.82,1,curated_episode,hbm,2024-08-19
105.7632049560547,-4.420931736927547,-0.6098431423485482,,,,,1.0,7.0,0.5278,1,curated_episode,dram,2024-08-19
96.09849700927734,-6.0259691007294,-1.098055087191506,,,,,1.0,4.0,0.5278,1,curated_episode,dram,2024-08-26
96.09849700927734,-6.0259691007294,-1.098055087191506,,,,,1.0,3.0,0.365,1,curated_episode,nand,2024-08-26
96.09849700927734,-6.0259691007294,-1.098055087191506,,,,,1.0,4.0,0.82,1,curated_episode,hbm,2024-08-26
123.262841796875,12.483155174106564,0.4924018343295262,,,,,1.0,4.0,0.82,1,curated_episode,gpu,2024-08-26
105.88797569274902,3.308305695399971,-1.4991280263473015,,,,,1.0,2.0,0.82,1,curated_episode,gpu,2024-09-02
87.87096977233887,-2.0648184941893577,-1.523078515955489,,,,,1.0,1.0,0.5278,1,curated_episode,dram,2024-09-02
87.87096977233887,-2.0648184941893577,-1.523078515955489,,,,,1.0,1.0,0.365,1,curated_episode,nand,2024-09-02
87.87096977233887,-2.0648184941893577,-1.523078515955489,,,,,1.0,1.0,0.82,1,curated_episode,hbm,2024-09-02
87.90078277587891,-12.854974532313335,-1.3542990171262692,,,,,1.0,1.0,0.365,1,curated_episode,nand,2024-09-09
87.90078277587891,-12.854974532313335,-1.3542990171262692,,,,,1.0,2.0,0.82,1,curated_episode,hbm,2024-09-09
113.7605712890625,-3.545005413859459,-0.2367122082451352,,,,,1.0,3.0,0.82,1,curated_episode,gpu,2024-09-09
87.90078277587891,-12.854974532313335,-1.3542990171262692,,,,,1.0,2.0,0.5278,1,curated_episode,dram,2024-09-09
88.14130859375,-16.661651251611286,-1.1756809026291266,,,,,1.0,1.0,0.82,1,curated_episode,hbm,2024-09-16
88.14130859375,-16.661651251611286,-1.1756809026291266,,,,,,0.0,0.365,1,curated_episode,nand,2024-09-16
115.74114990234375,-9.266570451647738,0.1330712452825181,,,,,1.0,2.0,0.82,1,curated_episode,gpu,2024-09-16
88.14130859375,-16.661651251611286,-1.1756809026291266,,,,,1.0,1.0,0.5278,1,curated_episode,dram,2024-09-16
99.5334228515625,3.5743804005109014,0.682635691057376,,,,,1.0,3.0,0.82,1,curated_episode,hbm,2024-09-23
121.02688903808594,-1.813971450109586,0.8188063120910332,,,,,1.0,2.0,0.82,1,curated_episode,gpu,2024-09-23
99.5334228515625,3.5743804005109014,0.682635691057376,,,,,1.0,3.0,0.5278,1,curated_episode,dram,2024-09-23
99.5334228515625,3.5743804005109014,0.682635691057376,,,,,1.0,2.0,0.365,1,curated_episode,nand,2024-09-23
100.96861724853515,14.905545608669634,0.9854741256226056,,,,,1.0,3.0,0.5278,1,curated_episode,dram,2024-09-30
120.82320556640624,14.104745865568514,0.6120327196556614,,,,,1.0,2.0,0.82,1,curated_episode,gpu,2024-09-30
100.96861724853515,14.905545608669634,0.9854741256226056,,,,,1.0,3.0,0.82,1,curated_episode,hbm,2024-09-30
100.96861724853515,14.905545608669634,0.9854741256226056,,,,,1.0,2.0,0.365,1,curated_episode,nand,2024-09-30
132.36717224121094,16.355931357684184,2.2842310937107855,,,,,1.0,1.0,0.82,1,curated_episode,gpu,2024-10-07
103.43453369140624,17.67191420255474,1.1409250811916103,,,,,1.0,2.0,0.365,1,curated_episode,nand,2024-10-07
103.43453369140624,17.67191420255474,1.1409250811916103,,,,,1.0,2.0,0.5278,1,curated_episode,dram,2024-10-07
103.43453369140624,17.67191420255474,1.1409250811916103,,,,,1.0,2.0,0.82,1,curated_episode,hbm,2024-10-07
108.47730865478516,23.072042366383894,1.777382928903237,,,,,1.0,3.0,0.82,1,curated_episode,hbm,2024-10-14
108.47730865478516,23.072042366383894,1.777382928903237,,,,,1.0,3.0,0.5278,1,curated_episode,dram,2024-10-14
108.47730865478516,23.072042366383894,1.777382928903237,,,,,1.0,3.0,0.365,1,curated_episode,nand,2024-10-14
135.8517303466797,17.375480078869245,2.0422538282121954,,,,,1.0,2.0,0.82,1,curated_episode,gpu,2024-10-14
106.8076675415039,7.308343751816637,1.3840887643847601,,,,,1.0,1.0,0.82,1,curated_episode,hbm,2024-10-21
141.54083557128905,16.949908153672833,2.24591366494362,,,,,1.0,1.0,0.82,1,curated_episode,gpu,2024-10-21
106.8076675415039,7.308343751816637,1.3840887643847601,,,,,1.0,1.0,0.5278,1,curated_episode,dram,2024-10-21
106.8076675415039,7.308343751816637,1.3840887643847601,,,,,1.0,1.0,0.365,1,curated_episode,nand,2024-10-21
137.63892822265626,13.917626649135585,1.254016405499716,,,,,1.0,5.0,0.82,1,curated_episode,gpu,2024-10-28
103.09026184082032,2.1012911240160026,0.6388321031622588,,,,,1.0,5.0,0.365,1,curated_episode,nand,2024-10-28
103.09026184082032,2.1012911240160026,0.6388321031622588,,,,,1.0,6.0,0.5278,1,curated_episode,dram,2024-10-28
103.09026184082032,2.1012911240160026,0.6388321031622588,,,,,1.0,6.0,0.82,1,curated_episode,hbm,2024-10-28
108.33004760742188,4.732958849721558,1.1678221077137052,,,,,1.0,6.0,0.82,1,curated_episode,hbm,2024-11-04
108.33004760742188,4.732958849721558,1.1678221077137052,,,,,1.0,6.0,0.5278,1,curated_episode,dram,2024-11-04
108.33004760742188,4.732958849721558,1.1678221077137052,,,,,1.0,5.0,0.365,1,curated_episode,nand,2024-11-04
143.3919464111328,8.328933815879648,1.5981237476451366,,,,,1.0,6.0,0.82,1,curated_episode,gpu,2024-11-04
145.4846618652344,7.090768364872835,1.4715503021371379,,,,,1.0,5.0,0.82,1,curated_episode,gpu,2024-11-11
101.1320556640625,-6.771234539103443,-0.196388285285376,,,,,1.0,4.0,0.365,1,curated_episode,nand,2024-11-11
101.1320556640625,-6.771234539103443,-0.196388285285376,,,,,1.0,5.0,0.82,1,curated_episode,hbm,2024-11-11
101.1320556640625,-6.771234539103443,-0.196388285285376,,,,,1.0,5.0,0.5278,1,curated_episode,dram,2024-11-11
99.30519561767578,-7.024282148014116,-1.4300808575084263,,,,,1.0,4.0,0.365,1,curated_episode,nand,2024-11-18
99.30519561767578,-7.024282148014116,-1.4300808575084263,,,,,1.0,5.0,0.82,1,curated_episode,hbm,2024-11-18
144.10881958007812,1.8143060964873836,1.049902434386087,,,,,1.0,6.0,0.82,1,curated_episode,gpu,2024-11-18
99.30519561767578,-7.024282148014116,-1.4300808575084263,,,,,1.0,5.0,0.5278,1,curated_episode,dram,2024-11-18
100.106689453125,-2.894136007048076,-1.1616775596741462,,,,,,0.0,0.82,1,curated_episode,hbm,2024-11-25
136.4193344116211,-0.8860820312856954,-0.16145509786654955,,,,,1.0,2.0,0.82,1,curated_episode,gpu,2024-11-25
100.106689453125,-2.894136007048076,-1.1616775596741462,,,,,,0.0,0.5278,1,curated_episode,dram,2024-11-25
100.106689453125,-2.894136007048076,-1.1616775596741462,,,,,,0.0,0.365,1,curated_episode,nand,2024-11-25
142.08795166015625,-0.9093919035297438,0.5680110016954387,,,,,1.0,2.0,0.82,1,curated_episode,gpu,2024-12-02
100.22459259033204,-7.482185410333486,-1.0588583842994237,,,,,1.0,1.0,0.365,1,curated_episode,nand,2024-12-02
100.22459259033204,-7.482185410333486,-1.0588583842994237,,,,,1.0,1.0,0.5278,1,curated_episode,dram,2024-12-02
100.22459259033204,-7.482185410333486,-1.0588583842994237,,,,,1.0,1.0,0.82,1,curated_episode,hbm,2024-12-02
136.7517547607422,-6.00263078769202,-1.1762614340685609,,,,,1.0,3.0,0.82,1,curated_episode,gpu,2024-12-09
100.2425033569336,-0.8795948043257451,-0.882584148611614,,,,,1.0,3.0,0.365,1,curated_episode,nand,2024-12-09
100.2425033569336,-0.8795948043257451,-0.882584148611614,,,,,1.0,3.0,0.5278,1,curated_episode,dram,2024-12-09
100.2425033569336,-0.8795948043257451,-0.882584148611614,,,,,1.0,3.0,0.82,1,curated_episode,hbm,2024-12-09
99.09823150634766,-0.20841216820610686,-1.0398125000287528,,,,,1.0,4.0,0.365,1,curated_episode,nand,2024-12-16
99.09823150634766,-0.20841216820610686,-1.0398125000287528,,,,,1.0,4.0,0.82,1,curated_episode,hbm,2024-12-16
131.14013061523437,-8.999233358952974,-2.963650365558282,,,,,1.0,2.0,0.82,1,curated_episode,gpu,2024-12-16
99.09823150634766,-0.20841216820610686,-1.0398125000287528,,,,,1.0,4.0,0.5278,1,curated_episode,dram,2024-12-16
88.91766166687012,-11.177102996193023,-4.392832684456328,,,,,1.0,4.0,0.5278,1,curated_episode,dram,2024-12-23
138.9999008178711,1.8916427186659535,-0.13657664228261115,,,,,1.0,2.0,0.82,1,curated_episode,gpu,2024-12-23
88.91766166687012,-11.177102996193023,-4.392832684456328,,,,,1.0,4.0,0.365,1,curated_episode,nand,2024-12-23
88.91766166687012,-11.177102996193023,-4.392832684456328,,,,,1.0,4.0,0.82,1,curated_episode,hbm,2024-12-23
86.34811592102051,-13.84538096955068,-2.7049591097488013,,,,,2.732142857142857,56.0,0.365,1,curated_episode,nand,2024-12-30
86.34811592102051,-13.84538096955068,-2.7049591097488013,,,,,4.5251396648044695,179.0,0.82,1,curated_episode,hbm,2024-12-30
138.43324279785156,-2.5721455053740017,-0.3001849623644947,,,,,3.0805194805194804,385.0,0.82,1,curated_episode,gpu,2024-12-30
86.34811592102051,-13.84538096955068,-2.7049591097488013,,,,,3.654320987654321,81.0,0.5278,1,curated_episode,dram,2024-12-30
99.61155891418457,-0.629418082769162,0.4951136743559701,,,,,4.556179775280899,178.0,0.82,1,curated_episode,hbm,2025-01-06
99.61155891418457,-0.629418082769162,0.4951136743559701,,,,,2.7962962962962963,54.0,0.365,1,curated_episode,nand,2025-01-06
99.61155891418457,-0.629418082769162,0.4951136743559701,,,,,3.6875,80.0,0.5278,1,curated_episode,dram,2025-01-06
141.1866340637207,3.2430145490547346,0.4619087137083209,,,,,3.0805194805194804,385.0,0.82,1,curated_episode,gpu,2025-01-06
100.42056579589844,1.334367192482211,0.6950757873457235,,,,,3.6875,80.0,0.5278,1,curated_episode,dram,2025-01-13
134.30141906738282,2.410618654501495,-1.1536362795136654,,,,,3.0751295336787563,386.0,0.82,1,curated_episode,gpu,2025-01-13
100.42056579589844,1.334367192482211,0.6950757873457235,,,,,4.556179775280899,178.0,0.82,1,curated_episode,hbm,2025-01-13
100.42056579589844,1.334367192482211,0.6950757873457235,,,,,2.7962962962962963,54.0,0.365,1,curated_episode,nand,2025-01-13
106.2669448852539,19.511627828656653,1.7442100764590183,,,,,3.6219512195121952,82.0,0.5278,1,curated_episode,dram,2025-01-20
106.2669448852539,19.511627828656653,1.7442100764590183,,,,,4.516666666666667,180.0,0.82,1,curated_episode,hbm,2025-01-20
144.21960830688477,3.755187923373371,2.0274893493949313,,,,,3.0697674418604652,387.0,0.82,1,curated_episode,gpu,2025-01-20
106.2669448852539,19.511627828656653,1.7442100764590183,,,,,2.732142857142857,56.0,0.365,1,curated_episode,nand,2025-01-20
90.08877868652344,4.332072246862206,-1.2227488301913643,,,,,1.0,4.0,0.365,1,curated_episode,nand,2025-01-27
90.08877868652344,4.332072246862206,-1.2227488301913643,,,,,1.3333333333333333,6.0,0.82,1,curated_episode,hbm,2025-01-27
122.98232421875,-11.16127764316257,-3.8547235773596533,,,,,1.0,5.0,0.82,1,curated_episode,gpu,2025-01-27
90.08877868652344,4.332072246862206,-1.2227488301913643,,,,,1.0,6.0,0.5278,1,curated_episode,dram,2025-01-27
91.86421813964844,-7.777551981904496,-0.6890504568915673,,,,,1.0,7.0,0.82,1,curated_episode,hbm,2025-02-03
91.86421813964844,-7.777551981904496,-0.6890504568915673,,,,,1.0,7.0,0.5278,1,curated_episode,dram,2025-02-03
91.86421813964844,-7.777551981904496,-0.6890504568915673,,,,,1.0,6.0,0.365,1,curated_episode,nand,2025-02-03
123.54747772216797,-12.49350298526969,-2.014047570118813,,,,,1.0,6.0,0.82,1,curated_episode,gpu,2025-02-03
95.02253112792968,-5.37542745869416,-0.04675049747019515,,,,,1.0,6.0,0.5278,1,curated_episode,dram,2025-02-10
134.12966918945312,-0.12788388918179017,-0.029935751817606496,,,,,1.0,5.0,0.82,1,curated_episode,gpu,2025-02-10
95.02253112792968,-5.37542745869416,-0.04675049747019515,,,,,1.0,6.0,0.82,1,curated_episode,hbm,2025-02-10
95.02253112792968,-5.37542745869416,-0.04675049747019515,,,,,1.0,5.0,0.365,1,curated_episode,nand,2025-02-10
102.91185188293457,-3.1572310711878826,1.2736075981281558,,,,,1.0,3.0,0.365,1,curated_episode,nand,2025-02-17
102.91185188293457,-3.1572310711878826,1.2736075981281558,,,,,1.0,5.0,0.82,1,curated_episode,hbm,2025-02-17
138.0862693786621,-4.252777413714459,0.4599215907744572,,,,,1.0,5.0,0.82,1,curated_episode,gpu,2025-02-17
102.91185188293457,-3.1572310711878826,1.2736075981281558,,,,,1.0,5.0,0.5278,1,curated_episode,dram,2025-02-17
94.01027374267578,4.352922875997378,-0.39844044989162575,,,,,1.0,3.0,0.82,1,curated_episode,hbm,2025-02-24
94.01027374267578,4.352922875997378,-0.39844044989162575,,,,,1.0,3.0,0.5278,1,curated_episode,dram,2025-02-24
126.46312561035157,2.8303265641737463,-1.1242137849518101,,,,,1.0,4.0,0.82,1,curated_episode,gpu,2025-02-24
94.01027374267578,4.352922875997378,-0.39844044989162575,,,,,1.0,2.0,0.365,1,curated_episode,nand,2025-02-24
91.32421417236328,-0.587828403943158,-1.1714072664145008,,,,,1.0,2.0,0.82,1,curated_episode,hbm,2025-03-03
91.32421417236328,-0.587828403943158,-1.1714072664145008,,,,,1.0,2.0,0.5278,1,curated_episode,dram,2025-03-03
113.95181274414062,-7.766783389626097,-2.5435562877614806,,,,,1.0,3.0,0.82,1,curated_episode,gpu,2025-03-03
91.32421417236328,-0.587828403943158,-1.1714072664145008,,,,,1.0,1.0,0.365,1,curated_episode,nand,2025-03-03
93.1434829711914,-1.977476430519931,-0.5988375667757194,,,,,1.0,2.0,0.365,1,curated_episode,nand,2025-03-10
113.58285675048828,-15.318618589853706,-1.7709994309554928,,,,,1.0,3.0,0.82,1,curated_episode,gpu,2025-03-10
93.1434829711914,-1.977476430519931,-0.5988375667757194,,,,,1.0,3.0,0.82,1,curated_episode,hbm,2025-03-10
93.1434829711914,-1.977476430519931,-0.5988375667757194,,,,,1.0,3.0,0.5278,1,curated_episode,dram,2025-03-10
100.55008850097656,-2.294938181313255,0.9099574713270931,,,,,1.0,4.0,0.365,1,curated_episode,nand,2025-03-17
117.57722320556641,-14.852342861733414,-0.9264988002738157,,,,,1.0,3.0,0.82,1,curated_episode,gpu,2025-03-17
100.55008850097656,-2.294938181313255,0.9099574713270931,,,,,1.0,4.0,0.5278,1,curated_episode,dram,2025-03-17
100.55008850097656,-2.294938181313255,0.9099574713270931,,,,,1.0,4.0,0.82,1,curated_episode,hbm,2025-03-17
92.22886810302734,-1.8949052786767617,-0.6187523591459367,,,,,1.0,4.0,0.365,1,curated_episode,nand,2025-03-24
92.22886810302734,-1.8949052786767617,-0.6187523591459367,,,,,1.0,4.0,0.82,1,curated_episode,hbm,2025-03-24
115.2305191040039,-8.882119947720335,-1.0242333363338962,,,,,1.0,2.0,0.82,1,curated_episode,gpu,2025-03-24
92.22886810302734,-1.8949052786767617,-0.6187523591459367,,,,,1.0,4.0,0.5278,1,curated_episode,dram,2025-03-24
80.45941009521485,-11.896958737189289,-3.6579725841375637,,,,,1.0,3.0,0.5278,1,curated_episode,dram,2025-03-31
104.86504211425782,-7.974222095339201,-2.0334094415377586,,,,,1.0,1.0,0.82,1,curated_episode,gpu,2025-03-31
80.45941009521485,-11.896958737189289,-3.6579725841375637,,,,,1.0,3.0,0.365,1,curated_episode,nand,2025-03-31
80.45941009521485,-11.896958737189289,-3.6579725841375637,,,,,1.0,3.0,0.82,1,curated_episode,hbm,2025-03-31
70.10818786621094,-24.730978883520073,-3.7484636364806483,,,,,1.0,4.0,0.5278,1,curated_episode,dram,2025-04-07
70.10818786621094,-24.730978883520073,-3.7484636364806483,,,,,1.0,4.0,0.82,1,curated_episode,hbm,2025-04-07
105.20655975341796,-7.374613772455851,-1.438872575598215,,,,,1.0,3.0,0.82,1,curated_episode,gpu,2025-04-07
70.10818786621094,-24.730978883520073,-3.7484636364806483,,,,,1.0,3.0,0.365,1,curated_episode,nand,2025-04-07
107.07244300842285,-8.934366632198397,-0.9534524151643954,,,,,1.0,4.0,0.82,1,curated_episode,gpu,2025-04-14
69.88022804260254,-30.50207206737182,-2.0781968201522965,,,,,1.0,3.0,0.5278,1,curated_episode,dram,2025-04-14
69.88022804260254,-30.50207206737182,-2.0781968201522965,,,,,1.0,2.0,0.365,1,curated_episode,nand,2025-04-14
69.88022804260254,-30.50207206737182,-2.0781968201522965,,,,,1.0,3.0,0.82,1,curated_episode,hbm,2025-04-14
73.24068908691406,-20.588108047582132,-1.2227879589933675,,,,,1.0,4.0,0.5278,1,curated_episode,dram,2025-04-21
103.04558868408203,-10.574395146935068,-1.4618541465333614,,,,,1.0,5.0,0.82,1,curated_episode,gpu,2025-04-21
73.24068908691406,-20.588108047582132,-1.2227879589933675,,,,,1.0,4.0,0.82,1,curated_episode,hbm,2025-04-21
73.24068908691406,-20.588108047582132,-1.2227879589933675,,,,,1.0,3.0,0.365,1,curated_episode,nand,2025-04-21
77.98932037353515,-3.069982390818704,-0.5258708960901989,,,,,1.0,9.0,0.82,1,curated_episode,hbm,2025-04-28
77.98932037353515,-3.069982390818704,-0.5258708960901989,,,,,1.0,7.0,0.365,1,curated_episode,nand,2025-04-28
77.98932037353515,-3.069982390818704,-0.5258708960901989,,,,,1.0,9.0,0.5278,1,curated_episode,dram,2025-04-28
110.40128021240234,5.279393386513309,0.06391600262335995,,,,,1.0,9.0,0.82,1,curated_episode,gpu,2025-04-28
82.71401519775391,17.98053510611193,0.047015874335924315,,,,,1.0,8.0,0.5278,1,curated_episode,dram,2025-05-05
115.52610626220704,9.80884322515243,1.1721839404610184,,,,,1.0,8.0,0.82,1,curated_episode,gpu,2025-05-05
82.71401519775391,17.98053510611193,0.047015874335924315,,,,,1.0,7.0,0.365,1,curated_episode,nand,2025-05-05
82.71401519775391,17.98053510611193,0.047015874335924315,,,,,1.0,8.0,0.82,1,curated_episode,hbm,2025-05-05
95.36972351074219,36.475976370025535,1.4269789563911444,,,,,1.0,7.0,0.82,1,curated_episode,hbm,2025-05-12
95.36972351074219,36.475976370025535,1.4269789563911444,,,,,1.0,6.0,0.365,1,curated_episode,nand,2025-05-12
95.36972351074219,36.475976370025535,1.4269789563911444,,,,,1.0,7.0,0.5278,1,curated_episode,dram,2025-05-12
131.51569213867188,22.828702179071602,4.113521730660065,,,,,1.0,6.0,0.82,1,curated_episode,gpu,2025-05-12
95.92838439941406,30.97690040242074,1.749147929108112,,,,,1.0,7.0,0.82,1,curated_episode,hbm,2025-05-19
132.98763122558594,29.057083300577236,2.455294496857295,,,,,1.0,6.0,0.82,1,curated_episode,gpu,2025-05-19
95.92838439941406,30.97690040242074,1.749147929108112,,,,,1.0,7.0,0.5278,1,curated_episode,dram,2025-05-19
95.92838439941406,30.97690040242074,1.749147929108112,,,,,1.0,6.0,0.365,1,curated_episode,nand,2025-05-19
95.72586441040039,22.74227285468684,1.5575081577594019,,,,,1.0,2.0,0.365,1,curated_episode,nand,2025-05-26
95.72586441040039,22.74227285468684,1.5575081577594019,,,,,1.0,3.0,0.5278,1,curated_episode,dram,2025-05-26
135.96695709228516,23.15704748232692,1.9692770933228276,,,,,1.0,4.0,0.82,1,curated_episode,gpu,2025-05-26
95.72586441040039,22.74227285468684,1.5575081577594019,,,,,1.0,3.0,0.82,1,curated_episode,hbm,2025-05-26
140.24945068359375,21.400655852862105,1.7676951579907998,,,,,1.0,3.0,0.82,1,curated_episode,gpu,2025-06-02
103.45835418701172,25.079593754047536,1.9227483860844523,,,,,1.0,2.0,0.82,1,curated_episode,hbm,2025-06-02
103.45835418701172,25.079593754047536,1.9227483860844523,,,,,1.0,1.0,0.365,1,curated_episode,nand,2025-06-02
103.45835418701172,25.079593754047536,1.9227483860844523,,,,,1.0,2.0,0.5278,1,curated_episode,dram,2025-06-02
114.30638885498047,19.856055619271352,2.370139611644032,,,,,1.0,4.0,0.82,1,curated_episode,hbm,2025-06-09
114.30638885498047,19.856055619271352,2.370139611644032,,,,,1.0,3.0,0.365,1,curated_episode,nand,2025-06-09
143.083447265625,8.79572234981354,1.533824492750234,,,,,1.0,4.0,0.82,1,curated_episode,gpu,2025-06-09
114.30638885498047,19.856055619271352,2.370139611644032,,,,,1.0,4.0,0.5278,1,curated_episode,dram,2025-06-09
121.110107421875,26.250544278544897,2.25414949386924,,,,,1.0,3.0,0.82,1,curated_episode,hbm,2025-06-16
144.34274673461914,8.538474897542603,1.2746616321535382,,,,,1.0,3.0,0.82,1,curated_episode,gpu,2025-06-16
121.110107421875,26.250544278544897,2.25414949386924,,,,,1.0,2.0,0.365,1,curated_episode,nand,2025-06-16
121.110107421875,26.250544278544897,2.25414949386924,,,,,1.0,3.0,0.5278,1,curated_episode,dram,2025-06-16
151.62804565429687,11.518304812383228,1.6962628917216611,,,,,1.0,1.0,0.82,1,curated_episode,gpu,2025-06-23
125.30007781982422,30.89469454423717,1.9836342312250672,,,,,1.0,3.0,0.5278,1,curated_episode,dram,2025-06-23
125.30007781982422,30.89469454423717,1.9836342312250672,,,,,1.0,3.0,0.365,1,curated_episode,nand,2025-06-23
125.30007781982422,30.89469454423717,1.9836342312250672,,,,,1.0,3.0,0.82,1,curated_episode,hbm,2025-06-23
121.75107002258301,17.681236067708262,1.2730944311052605,,,,,1.0,4.0,0.82,1,curated_episode,hbm,2025-06-30
121.75107002258301,17.681236067708262,1.2730944311052605,,,,,1.0,4.0,0.365,1,curated_episode,nand,2025-06-30
156.76121139526367,11.773137528303668,1.9560193143571176,,,,,1.0,3.0,0.82,1,curated_episode,gpu,2025-06-30
121.75107002258301,17.681236067708262,1.2730944311052605,,,,,1.0,4.0,0.5278,1,curated_episode,dram,2025-06-30
122.66600952148437,7.313345080920786,1.1218779562097667,,,,,1.0,2.0,0.365,0,price_derived,nand,2025-07-07
122.66600952148437,7.313345080920786,1.1218779562097667,,,,,1.0,2.0,0.82,1,curated_episode,hbm,2025-07-07
122.66600952148437,7.313345080920786,1.1218779562097667,,,,,1.0,2.0,0.5278,0,price_derived,dram,2025-07-07
161.81248474121094,13.089590608490642,2.386130802672082,,,,,1.0,2.0,0.82,0,price_derived,gpu,2025-07-07
170.0834716796875,17.83305744651922,2.568954325751888,,,,,1.0,3.0,0.82,0,price_derived,gpu,2025-07-14
116.39111633300782,-3.8964469517222433,0.3341211948636007,,,,,1.0,4.0,0.82,1,curated_episode,hbm,2025-07-14
116.39111633300782,-3.8964469517222433,0.3341211948636007,,,,,1.0,4.0,0.5278,0,price_derived,dram,2025-07-14
116.39111633300782,-3.8964469517222433,0.3341211948636007,,,,,1.0,4.0,0.365,0,price_derived,nand,2025-07-14
110.89309539794922,-11.497983618646735,-0.43192514807861443,,,,,1.0,4.0,0.365,0,price_derived,nand,2025-07-21
110.89309539794922,-11.497983618646735,-0.43192514807861443,,,,,1.0,4.0,0.82,1,curated_episode,hbm,2025-07-21
171.05817565917968,12.814337823216682,1.876387063807932,,,,,1.5,4.0,0.82,0,price_derived,gpu,2025-07-21
110.89309539794922,-11.497983618646735,-0.43192514807861443,,,,,1.0,4.0,0.5278,0,price_derived,dram,2025-07-21
110.23404846191406,-9.459482827159317,-0.9942838233174603,,,,,1.0,6.0,0.82,1,curated_episode,hbm,2025-07-28
110.23404846191406,-9.459482827159317,-0.9942838233174603,,,,,1.0,6.0,0.5278,0,price_derived,dram,2025-07-28
110.23404846191406,-9.459482827159317,-0.9942838233174603,,,,,1.0,5.0,0.365,0,price_derived,nand,2025-07-28
176.38906555175782,12.520861494878188,1.9057631547555842,,,,,1.4,5.0,0.82,0,price_derived,gpu,2025-07-28
111.11277313232422,-9.41844968645259,-1.265128159083713,,,,,1.0,5.0,0.365,0,price_derived,nand,2025-08-04
179.99027404785156,11.23386080852329,1.752553689200696,,,,,1.3333333333333333,6.0,0.82,0,price_derived,gpu,2025-08-04
111.11277313232422,-9.41844968645259,-1.265128159083713,,,,,1.0,6.0,0.82,1,curated_episode,hbm,2025-08-04
111.11277313232422,-9.41844968645259,-1.265128159083713,,,,,1.0,6.0,0.5278,0,price_derived,dram,2025-08-04
181.61410522460938,6.779396863815856,1.5064712208124118,,,,,1.4,5.0,0.82,0,price_derived,gpu,2025-08-11
124.19978332519531,6.7089888285339905,1.1938474468274638,,,,,1.0,5.0,0.82,1,curated_episode,hbm,2025-08-11
124.19978332519531,6.7089888285339905,1.1938474468274638,,,,,1.2,5.0,0.5278,0,price_derived,dram,2025-08-11
124.19978332519531,6.7089888285339905,1.1938474468274638,,,,,1.0,4.0,0.365,0,price_derived,nand,2025-08-11
119.08321075439453,7.385595403441836,0.21073168496552697,,,,,1.0,3.0,0.365,0,price_derived,nand,2025-08-18
176.96828918457032,3.4550313088607343,0.8090267194007125,,,,,1.0,4.0,0.82,0,price_derived,gpu,2025-08-18
119.08321075439453,7.385595403441836,0.21073168496552697,,,,,1.25,4.0,0.5278,0,price_derived,dram,2025-08-18
119.08321075439453,7.385595403441836,0.21073168496552697,,,,,1.0,4.0,0.82,1,curated_episode,hbm,2025-08-18
179.2672332763672,1.6317155009616169,0.9041893479010259,,,,,1.0,2.0,0.82,0,price_derived,gpu,2025-08-25
118.16454162597657,7.194231977066967,0.2099526850169747,,,,,1.0,1.0,0.365,0,price_derived,nand,2025-08-25
118.16454162597657,7.194231977066967,0.2099526850169747,,,,,2.0,1.0,0.5278,0,price_derived,dram,2025-08-25
118.16454162597657,7.194231977066967,0.2099526850169747,,,,,1.0,1.0,0.82,1,curated_episode,hbm,2025-08-25
123.01650428771973,10.713197789798068,1.2645680958996874,,,,,1.0,3.0,0.365,0,price_derived,nand,2025-09-01
169.7938575744629,-5.664981914899403,-0.7857608211686212,,,,,1.0,3.0,0.82,0,price_derived,gpu,2025-09-01
123.01650428771973,10.713197789798068,1.2645680958996874,,,,,1.3333333333333333,3.0,0.5278,0,price_derived,dram,2025-09-01
123.01650428771973,10.713197789798068,1.2645680958996874,,,,,1.0,3.0,0.82,1,curated_episode,hbm,2025-09-01
142.6929504394531,14.889854570709439,5.0762185424289425,,,,,1.0,2.0,0.365,1,price_derived,nand,2025-09-08
174.05018920898436,-4.164828500666518,-0.36111540463980396,,,,,1.0,3.0,0.82,0,price_derived,gpu,2025-09-08
142.6929504394531,14.889854570709439,5.0762185424289425,,,,,1.0,2.0,0.5278,1,price_derived,dram,2025-09-08
142.6929504394531,14.889854570709439,5.0762185424289425,,,,,1.0,2.0,0.82,1,curated_episode,hbm,2025-09-08
161.40579833984376,35.54034806194324,4.139940496269876,,,,,1.0,2.0,0.82,1,curated_episode,hbm,2025-09-15
161.40579833984376,35.54034806194324,4.139940496269876,,,,,1.0,2.0,0.5278,1,price_derived,dram,2025-09-15
