price_latest,price_trend_4w,price_zscore_8w,forecast_point_1m,forecast_interval_width_1m,forecast_disagreement_1m,forecast_unstable_flag,signal_severity_mean_4w,signal_count_4w,hhi_country,resource_id,week_start,resource
53.21588897705078,,,,,,,1.6666666666666667,3.0,0.5278,dram,2023-01-02,DRAM
56.322879791259766,,,,,,,1.5,4.0,0.5278,dram,2023-01-09,DRAM
56.20366382598877,,,,,,,1.3333333333333333,6.0,0.5278,dram,2023-01-16,DRAM
61.339779663085935,,,,,,,1.5,8.0,0.5278,dram,2023-01-23,DRAM
61.1230224609375,14.858595122401596,,,,,,1.2222222222222223,9.0,0.5278,dram,2023-01-30,DRAM
59.58012161254883,5.78315923006929,,,,,,1.2,10.0,0.5278,dram,2023-02-06,DRAM
59.72396469116211,6.26347221076633,,,,,,1.2,10.0,0.5278,dram,2023-02-13,DRAM
57.023887634277344,-7.0360409713142165,,,,,,1.0,8.0,0.5278,dram,2023-02-20,DRAM
56.40958023071289,-7.711402415083246,-0.6250830029386671,,,,,1.0,4.0,0.5278,dram,2023-02-27,DRAM
55.136637115478514,-7.45799836725144,-1.611082647964574,,,,,1.0,2.0,0.5278,dram,2023-03-06,DRAM
54.29326553344727,-9.092998406581788,-1.7890872904931503,,,,,1.0,1.0,0.5278,dram,2023-03-13,DRAM
58.512108612060544,2.6098202692315553,0.1703786330084285,,,,,1.0,1.0,0.5278,dram,2023-03-20,DRAM
60.305266571044925,6.906072203336455,1.1494582507542672,,,,,1.0,2.0,0.5278,dram,2023-03-27,DRAM
57.28703212738037,3.900120000786522,-0.1599211670517279,,,,,1.0,2.0,0.5278,dram,2023-04-03,DRAM
62.08372955322265,14.34885881928778,2.4133385126374525,,,,,1.0,4.0,0.5278,dram,2023-04-10,DRAM
60.75687713623047,3.836417072324138,1.2881435515931765,,,,,1.0,6.0,0.5278,dram,2023-04-17,DRAM
60.207970428466794,-0.1613393789802852,0.8064983654680552,,,,,1.0,9.0,0.5278,dram,2023-04-24,DRAM
60.59694366455078,5.777767523041977,0.7751284485784601,,,,,1.0,10.0,0.5278,dram,2023-05-01,DRAM
60.087527465820315,-3.2153385464561257,0.3584522624100483,,,,,1.0,7.0,0.5278,dram,2023-05-08,DRAM
64.96648025512695,6.928603505176234,3.6435497381731614,,,,,1.0,5.0,0.5278,dram,2023-05-15,DRAM
67.58859405517578,12.2585491159811,3.3751595667439753,,,,,1.0,3.0,0.5278,dram,2023-05-22,DRAM
68.6503677368164,13.290148950163784,2.3194466530515876,,,,,1.0,3.0,0.5278,dram,2023-05-29,DRAM
65.77404327392578,9.46372075526014,0.8166708380011879,,,,,1.0,4.0,0.5278,dram,2023-06-05,DRAM
67.31414489746093,3.6136552774824304,1.120277101226521,,,,,1.0,5.0,0.5278,dram,2023-06-12,DRAM
65.21477127075195,-3.51216476331192,0.2440237877234652,,,,,1.0,3.0,0.5278,dram,2023-06-19,DRAM
64.51629867553712,-6.021918305125462,-0.1722352520366003,,,,,1.0,3.0,0.5278,dram,2023-06-26,DRAM
61.19770812988281,-6.957661284382565,-1.7570093105434628,,,,,1.0,3.0,0.5278,dram,2023-07-03,DRAM
63.00172119140625,-6.406415342011352,-1.227597481058464,,,,,1.0,2.0,0.5278,dram,2023-07-10,DRAM
64.37063903808594,-1.2943880906388985,-0.4451178930976741,,,,,1.0,2.0,0.5278,dram,2023-07-17,DRAM
67.41904296875,4.49924182385486,1.1017843634615276,,,,,1.0,4.0,0.5278,dram,2023-07-24,DRAM
69.12029113769532,12.945881880082876,2.1773853635091283,,,,,1.0,4.0,0.5278,dram,2023-07-31,DRAM
65.98089599609375,4.728719705349693,0.2944169261798965,,,,,1.0,4.0,0.5278,dram,2023-08-07,DRAM
64.28755493164063,-0.1290714333225029,-0.3522691377598553,,,,,1.0,4.0,0.5278,dram,2023-08-14,DRAM
63.29646987915039,-6.1148496152793275,-0.7258991214042517,,,,,1.0,2.0,0.5278,dram,2023-08-21,DRAM
67.33991394042968,-2.575766345831687,1.0468845362789805,,,,,1.0,1.0,0.5278,dram,2023-08-28,DRAM
69.42247009277344,5.216016006941526,1.848691571056116,,,,,1.0,1.0,0.5278,dram,2023-09-04,DRAM
69.8027847290039,8.579000715189466,1.583409672842056,,,,,1.0,2.0,0.5278,dram,2023-09-11,DRAM
68.77609252929688,8.657074652991747,0.7515648186507314,,,,,1.0,1.0,0.5278,dram,2023-09-18,DRAM
66.85526275634766,-0.7197086478470394,-0.1715136050742611,,,,,1.0,2.0,0.5278,dram,2023-09-25,DRAM
67.85755310058593,-2.2541937647799215,0.4012841660409855,,,,,1.0,2.0,0.5278,dram,2023-10-02,DRAM
68.90073699951172,-1.2922804340746774,0.7732130336166491,,,,,1.0,3.0,0.5278,dram,2023-10-09,DRAM
67.7613754272461,-1.475392196232339,-0.0103126970661748,,,,,1.0,4.0,0.5278,dram,2023-10-16,DRAM
65.71249084472656,-1.7093222949192466,-2.697363045379063,,,,,1.0,7.0,0.5278,dram,2023-10-23,DRAM
68.4331039428711,0.848175060824885,0.2315779989937623,,,,,1.0,9.0,0.5278,dram,2023-10-30,DRAM
72.70719451904297,5.524552690282869,3.9207613159049393,,,,,1.0,8.0,0.5278,dram,2023-11-06,DRAM
75.95487823486329,12.09170084868536,3.9637531360322873,,,,,1.0,7.0,0.5278,dram,2023-11-13,DRAM
76.6097640991211,16.583260068689132,2.318747817618228,,,,,1.0,3.0,0.5278,dram,2023-11-20,DRAM
75.76663208007812,10.716345912541335,1.384025197302443,,,,,1.0,2.0,0.5278,dram,2023-11-27,DRAM
73.26002960205078,0.7603581552895866,0.4426603964112482,,,,,1.0,2.0,0.5278,dram,2023-12-04,DRAM
79.12923583984374,4.179267584584756,1.8088136219147208,,,,,1.0,2.0,0.5278,dram,2023-12-11,DRAM
82.11139526367188,7.181370715921442,2.0749372600998264,,,,,1.6666666666666667,3.0,0.5278,dram,2023-12-18,DRAM
85.4953784942627,12.840410279689095,2.5694132428149823,,,,,2.0,2.0,0.5278,dram,2023-12-25,DRAM
82.03483390808105,11.977615015575482,1.0730639308071357,,,,,2.8823529411764706,119.0,0.5278,dram,2024-01-01,DRAM
82.62809753417969,4.421705400286657,0.993154880167057,,,,,2.8666666666666667,120.0,0.5278,dram,2024-01-08,DRAM
84.38110160827637,2.76417948728811,1.2258243077777,,,,,2.819672131147541,122.0,0.5278,dram,2024-01-15,DRAM
87.71943054199218,2.6013710763076237,1.792881249560346,,,,,2.819672131147541,122.0,0.5278,dram,2024-01-22,DRAM
85.92774353027343,4.745434880205068,0.9310869890248488,,,,,1.25,8.0,0.5278,dram,2024-01-29,DRAM
84.7610580444336,2.581398548322622,0.4240840681884195,,,,,1.25,8.0,0.5278,dram,2024-02-05,DRAM
81.38800201416015,-3.5471207854231745,-1.5822444845746706,,,,,1.3333333333333333,6.0,0.5278,dram,2024-02-12,DRAM
82.86570358276367,-5.533240388405147,-0.708758661834377,,,,,1.3333333333333333,6.0,0.5278,dram,2024-02-19,DRAM
90.63217163085938,5.474865168463916,3.3283754205806004,,,,,1.0,2.0,0.5278,dram,2024-02-26,DRAM
95.7155746459961,12.923997003222754,3.785974147843263,,,,,1.0,2.0,0.5278,dram,2024-03-04,DRAM
93.40800170898436,14.76876123919708,1.5529688140079831,,,,,1.0,2.0,0.5278,dram,2024-03-11,DRAM
100.01920013427734,20.70035709572091,2.5731729661863247,,,,,1.0,3.0,0.5278,dram,2024-03-18,DRAM
117.35866928100586,29.48897413492668,4.496203419844079,,,,,1.0,3.0,0.5278,dram,2024-03-25,DRAM
123.67846984863282,29.214571720493176,2.77515611486699,,,,,1.0,2.0,0.5278,dram,2024-04-01,DRAM
122.7013214111328,31.360610618148876,1.7245163271694035,,,,,1.0,3.0,0.5278,dram,2024-04-08,DRAM
114.82854766845703,14.806504665402166,0.7833474670620192,,,,,1.0,3.0,0.5278,dram,2024-04-15,DRAM
111.176171875,-5.268036391246367,0.302172960048014,,,,,1.0,6.0,0.5278,dram,2024-04-22,DRAM
112.0242202758789,-9.423022121002369,0.1929222459109185,,,,,1.0,8.0,0.5278,dram,2024-04-29,DRAM
118.709326171875,-3.2534248151101064,0.6908185576322882,,,,,1.0,6.0,0.5278,dram,2024-05-06,DRAM
124.88401947021484,8.756944162344404,1.3858460346701251,,,,,1.0,6.0,0.5278,dram,2024-05-13,DRAM
126.81845092773438,14.069812612653765,1.7528176210697528,,,,,1.0,4.0,0.5278,dram,2024-05-20,DRAM
127.98724937438963,14.24962303616044,1.5213600863910035,,,,,1.0,3.0,0.5278,dram,2024-05-27,DRAM
129.0011444091797,8.669763841809308,1.46057675267548,,,,,1.0,5.0,0.5278,dram,2024-06-03,DRAM
138.05960388183593,10.55025652402508,2.5173943154884952,,,,,1.0,5.0,0.5278,dram,2024-06-10,DRAM
145.23377227783203,14.52101111106565,2.53893033682283,,,,,1.0,4.0,0.5278,dram,2024-06-17,DRAM
136.29398193359376,6.490281336467474,0.8721972295244749,,,,,1.0,5.0,0.5278,dram,2024-06-24,DRAM
132.20516204833984,2.4837125700197804,0.1685585053751016,,,,,1.0,3.0,0.5278,dram,2024-07-01,DRAM
131.59275817871094,-4.684096956166783,-0.1505739305047093,,,,,1.0,2.0,0.5278,dram,2024-07-08,DRAM
121.17069396972656,-16.56851428610753,-2.1175433866859272,,,,,1.0,3.0,0.5278,dram,2024-07-15,DRAM
110.6551956176758,-18.811385471450905,-3.2447905378712454,,,,,1.0,2.0,0.5278,dram,2024-07-22,DRAM
102.26069488525393,-22.649998456290955,-2.835464951155229,,,,,1.0,5.0,0.5278,dram,2024-07-29,DRAM
89.72359924316406,-31.817221186811828,-2.7336734168341663,,,,,1.0,8.0,0.5278,dram,2024-08-05,DRAM
100.86724090576172,-16.75607558130968,-1.148014864113394,,,,,1.0,7.0,0.5278,dram,2024-08-12,DRAM
105.7632049560547,-4.420931736927547,-0.6098431423485482,,,,,1.0,7.0,0.5278,dram,2024-08-19,DRAM
96.09849700927734,-6.0259691007294,-1.098055087191506,,,,,1.0,4.0,0.5278,dram,2024-08-26,DRAM
87.87096977233887,-2.0648184941893577,-1.523078515955489,,,,,1.0,1.0,0.5278,dram,2024-09-02,DRAM
87.90078277587891,-12.854974532313337,-1.3542990171262692,,,,,1.0,2.0,0.5278,dram,2024-09-09,DRAM
88.14130859375,-16.661651251611286,-1.1756809026291266,,,,,1.0,1.0,0.5278,dram,2024-09-16,DRAM
99.5334228515625,3.5743804005109014,0.682635691057376,,,,,1.0,3.0,0.5278,dram,2024-09-23,DRAM
100.96861724853515,14.905545608669634,0.9854741256226056,,,,,1.0,3.0,0.5278,dram,2024-09-30,DRAM
103.43453369140624,17.67191420255474,1.1409250811916103,,,,,1.0,2.0,0.5278,dram,2024-10-07,DRAM
108.47730865478516,23.072042366383897,1.777382928903237,,,,,1.0,3.0,0.5278,dram,2024-10-14,DRAM
106.8076675415039,7.308343751816637,1.38408876438476,,,,,1.0,1.0,0.5278,dram,2024-10-21,DRAM
103.09026184082032,2.1012911240160026,0.6388321031622588,,,,,1.0,6.0,0.5278,dram,2024-10-28,DRAM
108.33004760742188,4.732958849721558,1.1678221077137052,,,,,1.0,6.0,0.5278,dram,2024-11-04,DRAM
101.1320556640625,-6.771234539103443,-0.196388285285376,,,,,1.0,5.0,0.5278,dram,2024-11-11,DRAM
99.30519561767578,-7.024282148014116,-1.4300808575084265,,,,,1.0,5.0,0.5278,dram,2024-11-18,DRAM
100.106689453125,-2.894136007048076,-1.1616775596741462,,,,,,0.0,0.5278,dram,2024-11-25,DRAM
100.22459259033204,-7.482185410333486,-1.0588583842994237,,,,,1.0,1.0,0.5278,dram,2024-12-02,DRAM
100.2425033569336,-0.8795948043257451,-0.882584148611614,,,,,1.0,3.0,0.5278,dram,2024-12-09,DRAM
99.09823150634766,-0.2084121682061068,-1.0398125000287528,,,,,1.0,4.0,0.5278,dram,2024-12-16,DRAM
88.91766166687012,-11.177102996193025,-4.392832684456328,,,,,1.0,4.0,0.5278,dram,2024-12-23,DRAM
86.34811592102051,-13.84538096955068,-2.7049591097488013,,,,,3.654320987654321,81.0,0.5278,dram,2024-12-30,DRAM
99.61155891418456,-0.629418082769162,0.4951136743559701,,,,,3.6875,80.0,0.5278,dram,2025-01-06,DRAM
100.42056579589844,1.334367192482211,0.6950757873457235,,,,,3.6875,80.0,0.5278,dram,2025-01-13,DRAM
106.2669448852539,19.511627828656653,1.7442100764590185,,,,,3.6219512195121952,82.0,0.5278,dram,2025-01-20,DRAM
90.08877868652344,4.332072246862206,-1.2227488301913645,,,,,1.0,6.0,0.5278,dram,2025-01-27,DRAM
91.86421813964844,-7.777551981904496,-0.6890504568915673,,,,,1.0,7.0,0.5278,dram,2025-02-03,DRAM
95.02253112792968,-5.37542745869416,-0.0467504974701951,,,,,1.0,6.0,0.5278,dram,2025-02-10,DRAM
102.91185188293456,-3.1572310711878826,1.2736075981281558,,,,,1.0,5.0,0.5278,dram,2025-02-17,DRAM
94.01027374267578,4.352922875997378,-0.3984404498916257,,,,,1.0,3.0,0.5278,dram,2025-02-24,DRAM
91.32421417236328,-0.587828403943158,-1.1714072664145008,,,,,1.0,2.0,0.5278,dram,2025-03-03,DRAM
93.1434829711914,-1.977476430519931,-0.5988375667757194,,,,,1.0,3.0,0.5278,dram,2025-03-10,DRAM
100.55008850097656,-2.294938181313255,0.9099574713270931,,,,,1.0,4.0,0.5278,dram,2025-03-17,DRAM
92.22886810302734,-1.8949052786767615,-0.6187523591459367,,,,,1.0,4.0,0.5278,dram,2025-03-24,DRAM
80.45941009521485,-11.896958737189289,-3.657972584137564,,,,,1.0,3.0,0.5278,dram,2025-03-31,DRAM
70.10818786621094,-24.730978883520073,-3.748463636480648,,,,,1.0,4.0,0.5278,dram,2025-04-07,DRAM
69.88022804260254,-30.50207206737182,-2.0781968201522965,,,,,1.0,3.0,0.5278,dram,2025-04-14,DRAM
73.24068908691406,-20.588108047582132,-1.2227879589933677,,,,,1.0,4.0,0.5278,dram,2025-04-21,DRAM
77.98932037353515,-3.069982390818704,-0.5258708960901989,,,,,1.0,9.0,0.5278,dram,2025-04-28,DRAM
82.71401519775391,17.98053510611193,0.0470158743359243,,,,,1.0,8.0,0.5278,dram,2025-05-05,DRAM
95.3697235107422,36.475976370025535,1.4269789563911444,,,,,1.0,7.0,0.5278,dram,2025-05-12,DRAM
95.92838439941406,30.97690040242074,1.749147929108112,,,,,1.0,7.0,0.5278,dram,2025-05-19,DRAM
95.7258644104004,22.74227285468684,1.557508157759402,,,,,1.0,3.0,0.5278,dram,2025-05-26,DRAM
103.45835418701172,25.079593754047536,1.9227483860844523,,,,,1.0,2.0,0.5278,dram,2025-06-02,DRAM
114.30638885498048,19.856055619271352,2.370139611644032,,,,,1.0,4.0,0.5278,dram,2025-06-09,DRAM
121.110107421875,26.250544278544897,2.25414949386924,,,,,1.0,3.0,0.5278,dram,2025-06-16,DRAM
125.30007781982422,30.89469454423717,1.9836342312250672,,,,,1.0,3.0,0.5278,dram,2025-06-23,DRAM
121.751070022583,17.681236067708262,1.2730944311052603,,,,,1.0,4.0,0.5278,dram,2025-06-30,DRAM
122.66600952148436,7.313345080920786,1.1218779562097667,,,,,1.0,2.0,0.5278,dram,2025-07-07,DRAM
116.39111633300782,-3.8964469517222433,0.3341211948636007,,,,,1.0,4.0,0.5278,dram,2025-07-14,DRAM
110.89309539794922,-11.497983618646735,-0.4319251480786144,,,,,1.0,4.0,0.5278,dram,2025-07-21,DRAM
110.23404846191406,-9.459482827159317,-0.9942838233174603,,,,,1.0,6.0,0.5278,dram,2025-07-28,DRAM
111.11277313232422,-9.41844968645259,-1.265128159083713,,,,,1.0,6.0,0.5278,dram,2025-08-04,DRAM
124.19978332519533,6.7089888285339905,1.1938474468274638,,,,,1.2,5.0,0.5278,dram,2025-08-11,DRAM
119.08321075439451,7.385595403441836,0.2107316849655269,,,,,1.25,4.0,0.5278,dram,2025-08-18,DRAM
118.16454162597655,7.194231977066967,0.2099526850169747,,,,,2.0,1.0,0.5278,dram,2025-08-25,DRAM
123.01650428771973,10.713197789798068,1.2645680958996874,,,,,1.3333333333333333,3.0,0.5278,dram,2025-09-01,DRAM
142.6929504394531,14.88985457070944,5.0762185424289425,,,,,1.0,2.0,0.5278,dram,2025-09-08,DRAM
161.40579833984376,35.54034806194324,4.139940496269876,,,,,1.0,2.0,0.5278,dram,2025-09-15,DRAM
161.1341979980469,36.36425596104893,2.141925461157069,,,,,1.0,3.0,0.5278,dram,2025-09-22,DRAM
176.75704650878907,43.68563594960979,2.3768236969386645,,,,,1.0,2.0,0.5278,dram,2025-09-29,DRAM
189.26799621582032,32.640046780818174,2.2502497527384526,,,,,1.0,2.0,0.5278,dram,2025-10-06,DRAM
195.1751281738281,20.92200539343836,1.804163965984124,,,,,1.0,2.0,0.5278,dram,2025-10-13,DRAM
206.4818115234375,28.142761802767826,1.787445242796607,,,,,1.0,2.0,0.5278,dram,2025-10-20,DRAM
223.10011291503903,26.218511409640243,2.0473225139288593,,,,,1.0,5.0,0.5278,dram,2025-10-27,DRAM
233.1038604736328,23.160737755064996,2.0549952241795717,,,,,1.0,7.0,0.5278,dram,2025-11-03,DRAM
244.41653442382812,25.229344902053462,2.0462767094094807,,,,,1.0,7.0,0.5278,dram,2025-11-10,DRAM
220.83997192382813,6.953716792028852,0.6414677822831433,,,,,1.0,7.0,0.5278,dram,2025-11-17,DRAM
228.6115608215332,2.470392253271969,0.8053430388748563,,,,,1.0,3.0,0.5278,dram,2025-11-24,DRAM
235.4019775390625,0.9858768794134276,0.9955971800937496,,,,,1.0,1.0,0.5278,dram,2025-12-01,DRAM
252.322021484375,3.23443218732431,1.9305455285616144,,,,,1.0,3.0,0.5278,dram,2025-12-08,DRAM
241.80069885253903,9.4913646049279,0.8428869862336014,,,,,1.0,4.0,0.5278,dram,2025-12-15,DRAM
280.8510055541992,22.850744968863147,4.529303758001031,,,,,1.0,4.0,0.5278,dram,2025-12-22,DRAM
290.6812235514323,23.482914880439697,2.817802922134786,,,,,4.705263157894737,95.0,0.5278,dram,2025-12-29,DRAM
290.6812235514323,23.482914880439697,2.817802922134786,,,,,4.78494623655914,93.0,0.5278,dram,2026-01-05,DRAM
290.6812235514323,23.482914880439697,2.817802922134786,,,,,4.826086956521739,92.0,0.5278,dram,2026-01-12,DRAM
290.6812235514323,23.482914880439697,2.817802922134786,,,,,4.78494623655914,93.0,0.5278,dram,2026-01-19,DRAM
290.6812235514323,23.482914880439697,2.817802922134786,,,,,1.0,4.0,0.5278,dram,2026-01-26,DRAM
290.6812235514323,23.482914880439697,2.817802922134786,,,,,1.3333333333333333,6.0,0.5278,dram,2026-02-02,DRAM
290.6812235514323,23.482914880439697,2.817802922134786,,,,,1.3333333333333333,6.0,0.5278,dram,2026-02-09,DRAM
290.6812235514323,23.482914880439697,2.817802922134786,,,,,1.4,5.0,0.5278,dram,2026-02-16,DRAM
418.55916595458984,65.88293145888142,7.359548203522501,,,,,1.5,4.0,0.5278,dram,2026-02-23,DRAM
391.9293518066406,62.08776635739037,2.004947380809623,,,,,1.0,3.0,0.5278,dram,2026-03-02,DRAM
408.34845581054685,45.39682882913621,1.6930819240507995,,,,,1.0,3.0,0.5278,dram,2026-03-09,DRAM
446.29051513671874,53.53262576925728,1.7964787777013314,,,,,1.0,5.0,0.5278,dram,2026-03-16,DRAM
378.7708862304688,-9.506010848759615,0.4827060709675604,,,,,1.0,5.0,0.5278,dram,2026-03-23,DRAM
348.4324951171875,-11.098137072140602,-0.1240226086897938,,,,,1.0,6.0,0.5278,dram,2026-03-30,DRAM
400.83400268554686,-1.8402060833276,0.5439284611538648,,,,,1.0,7.0,0.5278,dram,2026-04-06,DRAM
452.1500061035157,1.3129319956535213,1.4909190142029691,,,,,1.0,7.0,0.5278,dram,2026-04-13,DRAM
472.74400634765624,24.8100166970088,2.0957774495107735,,,,,1.0,6.0,0.5278,dram,2026-04-20,DRAM
521.3360046386719,49.62324465843293,2.792957603025228,,,,,1.5,8.0,0.5278,dram,2026-04-27,DRAM
655.3360107421875,63.49311843593686,4.372698122478437,,,,,1.5714285714285714,7.0,0.5278,dram,2026-05-04,DRAM
773.2420043945312,71.01448500644373,3.484174576254358,,,,,1.5714285714285714,7.0,0.5278,dram,2026-05-11,DRAM
725.0739868164062,53.375606476369875,1.6423136875681323,,,,,1.4444444444444444,9.0,0.5278,dram,2026-05-18,DRAM
929.7024993896484,78.33076770402761,2.644417442921011,,,,,1.0,6.0,0.5278,dram,2026-05-25,DRAM
1007.835986328125,53.78919665756212,2.26427491898438,,,,,1.0,9.0,0.5278,dram,2026-06-01,DRAM
950.906005859375,22.976506766980332,1.3360224962824188,,,,,1.0,11.0,0.5278,dram,2026-06-08,DRAM
1071.4824829101562,47.77560668184102,1.69953527846914,,,,,1.0,9.0,0.5278,dram,2026-06-15,DRAM
1131.510009765625,21.70667611504364,1.6939925388121349,,,,,1.0,9.0,0.5278,dram,2026-06-22,DRAM
1076.852523803711,6.847992968284022,1.0712055904957545,,,,,4.052631578947368,19.0,0.5278,dram,2026-06-29,DRAM
14.514748334884644,,,,,,,1.0,2.0,0.82,gpu,2023-01-02,GPU
16.153708076477052,,,,,,,1.0,2.0,0.82,gpu,2023-01-09,GPU
17.382129192352295,,,,,,,1.0,4.0,0.82,gpu,2023-01-16,GPU
19.54616851806641,,,,,,,1.0,6.0,0.82,gpu,2023-01-23,GPU
20.44477233886719,40.85516239871942,,,,,,1.0,8.0,0.82,gpu,2023-01-30,GPU
21.76543769836426,34.73957555329961,,,,,,1.0,8.0,0.82,gpu,2023-02-06,GPU
22.133419799804688,27.334341810914875,,,,,,1.0,8.0,0.82,gpu,2023-02-13,GPU
22.040775299072266,12.762638256700342,,,,,,1.0,7.0,0.82,gpu,2023-02-20,GPU
23.2720890045166,13.829044504811884,1.4763795321817113,,,,,1.0,3.0,0.82,gpu,2023-02-27,GPU
23.4359130859375,7.674899125501078,1.3243458963037822,,,,,1.5,4.0,0.82,gpu,2023-03-06,GPU
24.454423904418945,10.486423361629548,1.6802301137116715,,,,,1.6666666666666667,3.0,0.82,gpu,2023-03-13,GPU
26.45312385559082,20.01902608527695,2.872132240284291,,,,,2.0,2.0,0.82,gpu,2023-03-20,GPU
26.96167984008789,15.854145430843005,2.2859531957960737,,,,,2.0,2.0,0.82,gpu,2023-03-27,GPU
27.27803134918213,16.39414794361076,1.855094450183268,,,,,1.0,1.0,0.82,gpu,2023-04-03,GPU
26.837733459472656,9.74592394557716,1.1691738284904667,,,,,1.0,2.0,0.82,gpu,2023-04-10,GPU
27.30856819152832,3.2338121599831515,1.1654335713298447,,,,,1.0,4.0,0.82,gpu,2023-04-17,GPU
26.987427139282225,0.0954959013943046,0.762126207893711,,,,,1.0,8.0,0.82,gpu,2023-04-24,GPU
28.174990463256837,3.2882105845281284,1.443859075721121,,,,,1.0,9.0,0.82,gpu,2023-05-01,GPU
28.646224975585938,6.7386149387177685,1.8321298024677832,,,,,1.0,7.0,0.82,gpu,2023-05-08,GPU
30.1952449798584,10.57059003637395,4.203841791898061,,,,,1.0,5.0,0.82,gpu,2023-05-15,GPU
33.79625930786133,25.229645395386125,5.533822670342617,,,,,1.0,3.0,0.82,gpu,2023-05-22,GPU
39.180108070373535,39.05988050455078,4.778391003539785,,,,,1.0,3.0,0.82,gpu,2023-05-29,GPU
38.43950576782227,34.186985547250174,2.0582695781367417,,,,,1.0,4.0,0.82,gpu,2023-06-05,GPU
41.68798828125,38.061434206140035,2.1827677405888912,,,,,1.0,4.0,0.82,gpu,2023-06-12,GPU
42.9381046295166,27.0498732962698,1.7851204985802205,,,,,1.0,2.0,0.82,gpu,2023-06-19,GPU
41.269404602050784,5.332544075489909,1.058715537364111,,,,,1.0,2.0,0.82,gpu,2023-06-26,GPU
42.25168800354004,9.917354970023972,1.0246127572031714,,,,,1.0,2.0,0.82,gpu,2023-07-03,GPU
43.90107421875,5.308689693945667,1.226452920943364,,,,,1.0,2.0,0.82,gpu,2023-07-10,GPU
46.08242492675781,7.322913585430446,1.8641337834787324,,,,,1.0,2.0,0.82,gpu,2023-07-17,GPU
45.589785766601565,10.46872666618528,1.571455314765138,,,,,1.0,5.0,0.82,gpu,2023-07-24,GPU
45.251844787597655,7.100679110870667,1.074562867220757,,,,,1.0,5.0,0.82,gpu,2023-07-31,GPU
43.091654205322264,-1.8437362361443776,-0.3041557239384161,,,,,1.0,5.0,0.82,gpu,2023-08-07,GPU
43.47969436645508,-5.64798958483509,-0.1978485182523339,,,,,1.0,5.0,0.82,gpu,2023-08-14,GPU
46.49582366943359,1.9873703892150596,1.668124756262272,,,,,1.0,2.0,0.82,gpu,2023-08-21,GPU
48.455003356933595,7.078514885682274,2.726891940644388,,,,,1.0,1.0,0.82,gpu,2023-08-28,GPU
46.767255783081055,8.529729585792545,0.8841613218846107,,,,,1.0,1.0,0.82,gpu,2023-09-04,GPU
44.91899871826172,3.31029086744703,-0.4475995332361254,,,,,1.0,2.0,0.82,gpu,2023-09-11,GPU
42.39131469726563,-8.827693862032326,-1.8948912167071996,,,,,1.0,1.0,0.82,gpu,2023-09-18,GPU
42.55840377807617,-12.169227469496525,-1.3150287073155171,,,,,1.0,1.0,0.82,gpu,2023-09-25,GPU
44.47503128051758,-4.901344892237047,-0.1397189095598388,,,,,1.0,1.0,0.82,gpu,2023-10-02,GPU
45.97083969116211,2.3416394018435094,0.5090753514374804,,,,,1.0,2.0,0.82,gpu,2023-10-09,GPU
43.06306381225586,1.584638551051043,-1.1171446969837568,,,,,1.0,4.0,0.82,gpu,2023-10-16,GPU
41.77067413330078,-1.8509379460824316,-1.5140083949521717,,,,,1.2222222222222223,9.0,0.82,gpu,2023-10-23,GPU
42.47616119384766,-4.494364656120053,-0.8900714003562841,,,,,1.181818181818182,11.0,0.82,gpu,2023-10-30,GPU
46.626014709472656,1.4251969785892271,2.2871158019059887,,,,,1.2,10.0,0.82,gpu,2023-11-06,GPU
49.09680786132813,14.0114137614032,3.2060322906830745,,,,,1.25,8.0,0.82,gpu,2023-11-13,GPU
49.11961650848389,17.593545059222105,1.941667843369478,,,,,1.0,4.0,0.82,gpu,2023-11-20,GPU
47.45906448364258,11.73105843311626,0.7973195993369215,,,,,1.0,2.0,0.82,gpu,2023-11-27,GPU
46.25318450927735,-0.7996184158530761,0.2027316730555936,,,,,1.0,2.0,0.82,gpu,2023-12-04,GPU
47.83737030029297,-2.565212721349186,0.7666745570622039,,,,,1.0,2.0,0.82,gpu,2023-12-11,GPU
49.035238647460936,-0.1717803741573931,1.0344532963081932,,,,,1.0,1.0,0.82,gpu,2023-12-18,GPU
49.347289085388184,3.978638479897567,1.0134972828309434,,,,,1.0,1.0,0.82,gpu,2023-12-25,GPU
48.12246417999267,4.04140750641806,0.022352828107453,,,,,3.442857142857143,350.0,0.82,gpu,2024-01-01,GPU
53.75944366455078,12.379596384756852,5.446989127643619,,,,,3.442857142857143,350.0,0.82,gpu,2024-01-08,GPU
57.15665531158447,16.562408765892833,3.9811604107505545,,,,,3.428977272727273,352.0,0.82,gpu,2024-01-15,GPU
60.59968566894531,22.80246147683316,3.108807456592233,,,,,3.428977272727273,352.0,0.82,gpu,2024-01-22,GPU
63.07847900390625,31.079071030056827,2.418179122289619,,,,,1.0,6.0,0.82,gpu,2024-01-29,GPU
69.76160125732422,29.766226177160625,2.8671998282253375,,,,,1.0,7.0,0.82,gpu,2024-02-05,GPU
72.58039093017578,26.98502131468361,2.2368260984103827,,,,,1.0,6.0,0.82,gpu,2024-02-12,GPU
73.4392147064209,21.18745154491004,1.6882643886075597,,,,,1.0,7.0,0.82,gpu,2024-02-19,GPU
79.22857055664062,25.60317212425849,1.970920247868034,,,,,1.0,3.0,0.82,gpu,2024-02-26,GPU
87.86674652099609,25.952880864773764,2.6054756001676753,,,,,1.0,3.0,0.82,gpu,2024-03-04,GPU
88.7176727294922,22.23366613558322,1.9208710259120512,,,,,1.0,3.0,0.82,gpu,2024-03-11,GPU
90.63296051025392,23.412213587204576,1.6711064191855072,,,,,1.0,2.0,0.82,gpu,2024-03-18,GPU
91.88324546813963,15.972363028375211,1.452481378201244,,,,,1.0,2.0,0.82,gpu,2024-03-25,GPU
88.38545379638671,0.5903339954287157,0.7839286674189797,,,,,1.0,1.0,0.82,gpu,2024-04-01,GPU
87.51415405273437,-1.3565715147053736,0.4683246298511024,,,,,1.0,1.0,0.82,gpu,2024-04-08,GPU
83.51986999511719,-7.848238074857949,-0.4132813209435972,,,,,1.0,1.0,0.82,gpu,2024-04-15,GPU
82.2546615600586,-10.47915086044686,-1.308937262955466,,,,,1.0,4.0,0.82,gpu,2024-04-22,GPU
86.2120132446289,-2.4590477939557265,-0.453162160001497,,,,,1.0,6.0,0.82,gpu,2024-04-29,GPU
90.19012451171876,3.057757328456701,0.9072124665260284,,,,,1.0,5.0,0.82,gpu,2024-05-06,GPU
92.48455505371092,10.733595561293184,1.5336001781084838,,,,,1.0,6.0,0.82,gpu,2024-05-13,GPU
98.90564422607422,20.243208530932733,3.198559650997314,,,,,1.0,5.0,0.82,gpu,2024-05-20,GPU
112.020902633667,29.93653484904089,4.705699611412134,,,,,1.0,4.0,0.82,gpu,2024-05-27,GPU
118.94676971435548,31.88447222833166,2.9807842707613146,,,,,1.2857142857142858,7.0,0.82,gpu,2024-06-03,GPU
125.66886901855467,35.880925139956375,2.3827836554055017,,,,,1.2857142857142858,7.0,0.82,gpu,2024-06-10,GPU
130.76197814941406,32.20881292732296,1.9864535874116231,,,,,1.4,5.0,0.82,gpu,2024-06-17,GPU
123.42257080078124,10.178161306555625,1.0267484173676429,,,,,1.4,5.0,0.82,gpu,2024-06-24,GPU
125.06386756896973,5.142718771854127,0.9152758409435078,,,,,1.0,3.0,0.82,gpu,2024-07-01,GPU
130.0117172241211,3.4557868145731474,1.0985738725467231,,,,,1.0,2.0,0.82,gpu,2024-07-08,GPU
122.16065063476564,-6.577850562049614,0.1567813960511505,,,,,1.0,2.0,0.82,gpu,2024-07-15,GPU
116.95124053955078,-5.243230812033528,-1.1576027597569944,,,,,1.0,2.0,0.82,gpu,2024-07-22,GPU
109.58337860107422,-12.378066718077774,-3.205538379329032,,,,,1.0,4.0,0.82,gpu,2024-07-29,GPU
102.49705963134764,-21.163213731991725,-3.1458933048248863,,,,,1.0,6.0,0.82,gpu,2024-08-05,GPU
117.94160766601564,-3.4536841010810004,-0.2290270165423395,,,,,1.0,6.0,0.82,gpu,2024-08-12,GPU
127.56174926757812,9.072591858860246,1.0969100175913389,,,,,1.0,6.0,0.82,gpu,2024-08-19,GPU
123.262841796875,12.483155174106564,0.4924018343295262,,,,,1.0,4.0,0.82,gpu,2024-08-26,GPU
105.88797569274902,3.308305695399971,-1.4991280263473017,,,,,1.0,2.0,0.82,gpu,2024-09-02,GPU
113.7605712890625,-3.545005413859459,-0.2367122082451352,,,,,1.0,3.0,0.82,gpu,2024-09-09,GPU
115.74114990234376,-9.266570451647738,0.1330712452825181,,,,,1.0,2.0,0.82,gpu,2024-09-16,GPU
121.02688903808594,-1.813971450109586,0.8188063120910332,,,,,1.0,2.0,0.82,gpu,2024-09-23,GPU
120.82320556640624,14.104745865568514,0.6120327196556614,,,,,1.0,2.0,0.82,gpu,2024-09-30,GPU
132.36717224121094,16.355931357684184,2.2842310937107855,,,,,1.0,1.0,0.82,gpu,2024-10-07,GPU
135.8517303466797,17.375480078869245,2.0422538282121954,,,,,1.0,2.0,0.82,gpu,2024-10-14,GPU
141.54083557128905,16.949908153672833,2.24591366494362,,,,,1.0,1.0,0.82,gpu,2024-10-21,GPU
137.63892822265626,13.917626649135585,1.254016405499716,,,,,1.0,5.0,0.82,gpu,2024-10-28,GPU
143.3919464111328,8.328933815879648,1.5981237476451366,,,,,1.0,6.0,0.82,gpu,2024-11-04,GPU
145.4846618652344,7.090768364872835,1.471550302137138,,,,,1.0,5.0,0.82,gpu,2024-11-11,GPU
144.10881958007812,1.8143060964873836,1.049902434386087,,,,,1.0,6.0,0.82,gpu,2024-11-18,GPU
136.4193344116211,-0.8860820312856954,-0.1614550978665495,,,,,1.0,2.0,0.82,gpu,2024-11-25,GPU
142.08795166015625,-0.9093919035297438,0.5680110016954387,,,,,1.0,2.0,0.82,gpu,2024-12-02,GPU
136.7517547607422,-6.00263078769202,-1.1762614340685609,,,,,1.0,3.0,0.82,gpu,2024-12-09,GPU
131.14013061523437,-8.999233358952974,-2.963650365558282,,,,,1.0,2.0,0.82,gpu,2024-12-16,GPU
138.9999008178711,1.8916427186659537,-0.1365766422826111,,,,,1.0,2.0,0.82,gpu,2024-12-23,GPU
138.43324279785156,-2.5721455053740017,-0.3001849623644947,,,,,3.0805194805194804,385.0,0.82,gpu,2024-12-30,GPU
141.1866340637207,3.243014549054734,0.4619087137083209,,,,,3.0805194805194804,385.0,0.82,gpu,2025-01-06,GPU
134.30141906738282,2.410618654501495,-1.1536362795136654,,,,,3.0751295336787563,386.0,0.82,gpu,2025-01-13,GPU
144.21960830688477,3.755187923373371,2.0274893493949313,,,,,3.0697674418604652,387.0,0.82,gpu,2025-01-20,GPU
122.98232421875,-11.16127764316257,-3.8547235773596538,,,,,1.0,5.0,0.82,gpu,2025-01-27,GPU
123.54747772216795,-12.49350298526969,-2.014047570118813,,,,,1.0,6.0,0.82,gpu,2025-02-03,GPU
134.12966918945312,-0.1278838891817901,-0.0299357518176064,,,,,1.0,5.0,0.82,gpu,2025-02-10,GPU
138.0862693786621,-4.252777413714459,0.4599215907744572,,,,,1.0,5.0,0.82,gpu,2025-02-17,GPU
126.46312561035155,2.8303265641737463,-1.12421378495181,,,,,1.0,4.0,0.82,gpu,2025-02-24,GPU
113.95181274414062,-7.766783389626097,-2.543556287761481,,,,,1.0,3.0,0.82,gpu,2025-03-03,GPU
113.58285675048828,-15.318618589853706,-1.7709994309554928,,,,,1.0,3.0,0.82,gpu,2025-03-10,GPU
117.5772232055664,-14.852342861733414,-0.9264988002738156,,,,,1.0,3.0,0.82,gpu,2025-03-17,GPU
115.2305191040039,-8.882119947720335,-1.0242333363338962,,,,,1.0,2.0,0.82,gpu,2025-03-24,GPU
104.86504211425782,-7.974222095339201,-2.0334094415377586,,,,,1.0,1.0,0.82,gpu,2025-03-31,GPU
105.20655975341796,-7.374613772455851,-1.438872575598215,,,,,1.0,3.0,0.82,gpu,2025-04-07,GPU
107.07244300842284,-8.934366632198397,-0.9534524151643954,,,,,1.0,4.0,0.82,gpu,2025-04-14,GPU
103.04558868408203,-10.574395146935068,-1.4618541465333614,,,,,1.0,5.0,0.82,gpu,2025-04-21,GPU
110.40128021240234,5.279393386513309,0.0639160026233599,,,,,1.0,9.0,0.82,gpu,2025-04-28,GPU
115.52610626220704,9.80884322515243,1.1721839404610184,,,,,1.0,8.0,0.82,gpu,2025-05-05,GPU
131.51569213867188,22.8287021790716,4.113521730660065,,,,,1.0,6.0,0.82,gpu,2025-05-12,GPU
132.98763122558594,29.057083300577236,2.455294496857295,,,,,1.0,6.0,0.82,gpu,2025-05-19,GPU
135.96695709228516,23.15704748232692,1.9692770933228276,,,,,1.0,4.0,0.82,gpu,2025-05-26,GPU
140.24945068359375,21.400655852862105,1.7676951579907998,,,,,1.0,3.0,0.82,gpu,2025-06-02,GPU
143.083447265625,8.79572234981354,1.533824492750234,,,,,1.0,4.0,0.82,gpu,2025-06-09,GPU
144.34274673461914,8.538474897542603,1.2746616321535382,,,,,1.0,3.0,0.82,gpu,2025-06-16,GPU
151.62804565429687,11.518304812383228,1.6962628917216611,,,,,1.0,1.0,0.82,gpu,2025-06-23,GPU
156.76121139526367,11.773137528303668,1.9560193143571176,,,,,1.0,3.0,0.82,gpu,2025-06-30,GPU
161.81248474121094,13.089590608490642,2.386130802672082,,,,,1.0,2.0,0.82,gpu,2025-07-07,GPU
170.0834716796875,17.83305744651922,2.568954325751888,,,,,1.0,3.0,0.82,gpu,2025-07-14,GPU
171.05817565917968,12.814337823216682,1.876387063807932,,,,,1.5,4.0,0.82,gpu,2025-07-21,GPU
176.38906555175782,12.520861494878188,1.905763154755584,,,,,1.4,5.0,0.82,gpu,2025-07-28,GPU
179.99027404785156,11.23386080852329,1.752553689200696,,,,,1.3333333333333333,6.0,0.82,gpu,2025-08-04,GPU
181.61410522460935,6.779396863815856,1.5064712208124118,,,,,1.4,5.0,0.82,gpu,2025-08-11,GPU
176.96828918457032,3.4550313088607343,0.8090267194007125,,,,,1.0,4.0,0.82,gpu,2025-08-18,GPU
179.2672332763672,1.6317155009616169,0.904189347901026,,,,,1.0,2.0,0.82,gpu,2025-08-25,GPU
169.7938575744629,-5.664981914899403,-0.7857608211686212,,,,,1.0,3.0,0.82,gpu,2025-09-01,GPU
174.05018920898436,-4.164828500666518,-0.3611154046398039,,,,,1.0,3.0,0.82,gpu,2025-09-08,GPU
174.94287719726563,-1.1445056041606838,-0.3022583715512804,,,,,1.0,3.0,0.82,gpu,2025-09-15,GPU
178.75001831054686,-0.2885161757491761,0.6020066582525125,,,,,1.0,2.0,0.82,gpu,2025-09-22,GPU
186.19852294921876,9.661518743433708,2.5821588964042816,,,,,1.0,1.0,0.82,gpu,2025-09-29,GPU
186.84569396972657,7.351617840172797,1.955443581041208,,,,,1.0,1.0,0.82,gpu,2025-10-06,GPU
182.4093475341797,4.267947604688627,0.7407652832115319,,,,,1.0,1.0,0.82,gpu,2025-10-13,GPU
182.267529296875,1.9678381124510256,0.5777839637095548,,,,,1.0,1.0,0.82,gpu,2025-10-20,GPU
200.731982421875,7.805357014899572,3.7397158111971858,,,,,1.0,4.0,0.82,gpu,2025-10-27,GPU
195.1531005859375,4.44613222799608,1.4983388843087797,,,,,1.0,6.0,0.82,gpu,2025-11-03,GPU
192.36265869140624,5.456579551309182,0.8133443049456678,,,,,1.0,6.0,0.82,gpu,2025-11-10,GPU
182.56715087890623,0.1643856057011783,-0.7945568918918435,,,,,1.0,8.0,0.82,gpu,2025-11-17,GPU
179.17897033691406,-10.73720880196526,-1.4662947974033185,,,,,1.0,4.0,0.82,gpu,2025-11-24,GPU
181.12506408691405,-7.188221174506049,-0.9234005284843816,,,,,1.0,2.0,0.82,gpu,2025-12-01,GPU
181.82822875976564,-5.476338288992066,-0.6918807913202477,,,,,1.0,4.0,0.82,gpu,2025-12-08,GPU
175.80157775878905,-3.7057998043715457,-1.4830059530803543,,,,,1.0,3.0,0.82,gpu,2025-12-15,GPU
187.78096771240232,4.800785136399521,0.2044907537332022,,,,,1.0,3.0,0.82,gpu,2025-12-22,GPU
187.19168599446616,3.349410496076355,0.4348476286342508,,,,,3.224376731301939,361.0,0.82,gpu,2025-12-29,GPU
187.19168599446616,3.349410496076355,0.4348476286342508,,,,,3.236768802228412,359.0,0.82,gpu,2026-01-05,GPU
187.19168599446616,3.349410496076355,0.4348476286342508,,,,,3.236768802228412,359.0,0.82,gpu,2026-01-12,GPU
187.19168599446616,3.349410496076355,0.4348476286342508,,,,,3.2305555555555556,360.0,0.82,gpu,2026-01-19,GPU
187.19168599446616,3.349410496076355,0.4348476286342508,,,,,1.0,4.0,0.82,gpu,2026-01-26,GPU
187.19168599446616,3.349410496076355,0.4348476286342508,,,,,1.0,6.0,0.82,gpu,2026-02-02,GPU
187.19168599446616,3.349410496076355,0.4348476286342508,,,,,1.0,6.0,0.82,gpu,2026-02-09,GPU
187.19168599446616,3.349410496076355,0.4348476286342508,,,,,1.0,5.0,0.82,gpu,2026-02-16,GPU
187.39393997192383,3.0609720229479276,0.7873396173933245,,,,,1.0,5.0,0.82,gpu,2026-02-23,GPU
181.12508239746097,3.0281324585016423,-0.4282402438292803,,,,,1.0,5.0,0.82,gpu,2026-03-02,GPU
183.1505584716797,-2.4658565226985063,0.1155356588333263,,,,,1.0,5.0,0.82,gpu,2026-03-09,GPU
179.1531951904297,-4.294256318773737,-1.0394835231832853,,,,,1.0,6.0,0.82,gpu,2026-03-16,GPU
173.45383911132814,-7.438928314695903,-2.3393414216653436,,,,,1.0,4.0,0.82,gpu,2026-03-23,GPU
172.97589874267578,-4.499202179465456,-1.734018671943531,,,,,1.0,3.0,0.82,gpu,2026-03-30,GPU
181.86004638671875,-0.704618154446135,0.0590948892383343,,,,,1.0,4.0,0.82,gpu,2026-04-06,GPU
196.71472778320313,9.802522681276503,3.116137607155879,,,,,1.0,5.0,0.82,gpu,2026-04-13,GPU
202.2342987060547,16.59257572053758,2.8284357186850544,,,,,1.0,5.0,0.82,gpu,2026-04-20,GPU
207.1685485839844,19.76729133356008,2.3882577133173215,,,,,1.0,9.0,0.82,gpu,2026-04-27,GPU
205.6622985839844,13.08822507756926,1.506409223860475,,,,,1.0,9.0,0.82,gpu,2026-05-04,GPU
225.15958251953128,14.459951756981226,2.5901454406994717,,,,,1.0,9.0,0.82,gpu,2026-05-11,GPU
219.99160461425785,8.780560973988493,1.4214827719261032,,,,,1.0,12.0,0.82,gpu,2026-05-18,GPU
212.96429443359375,2.7975992925682203,0.6972184380966988,,,,,1.0,8.0,0.82,gpu,2026-05-25,GPU
216.98388671875,5.504940970083694,0.8266662141311134,,,,,1.0,10.0,0.82,gpu,2026-06-01,GPU
205.46199951171872,-8.748276572285729,-0.6011937371465272,,,,,1.0,11.0,0.82,gpu,2026-06-08,GPU
208.79999923706055,-5.087287488457159,-0.41386520592213,,,,,1.0,9.0,0.82,gpu,2026-06-15,GPU
199.19199829101564,-6.466950799995519,-1.9850762779244049,,,,,1.0,8.0,0.82,gpu,2026-06-22,GPU
196.86750030517575,-9.270912563036838,-1.849987727786668,,,,,2.2,20.0,0.82,gpu,2026-06-29,GPU
53.21588897705078,,,,,,,1.0,3.0,0.82,hbm,2023-01-02,HBM
56.322879791259766,,,,,,,1.0,4.0,0.82,hbm,2023-01-09,HBM
56.20366382598877,,,,,,,1.0,6.0,0.82,hbm,2023-01-16,HBM
61.339779663085935,,,,,,,1.0,8.0,0.82,hbm,2023-01-23,HBM
61.1230224609375,14.858595122401596,,,,,,1.0,9.0,0.82,hbm,2023-01-30,HBM
59.58012161254883,5.78315923006929,,,,,,1.0,10.0,0.82,hbm,2023-02-06,HBM
59.72396469116211,6.26347221076633,,,,,,1.0,10.0,0.82,hbm,2023-02-13,HBM
57.023887634277344,-7.0360409713142165,,,,,,1.0,8.0,0.82,hbm,2023-02-20,HBM
56.40958023071289,-7.711402415083246,-0.6250830029386671,,,,,1.0,4.0,0.82,hbm,2023-02-27,HBM
55.136637115478514,-7.45799836725144,-1.611082647964574,,,,,1.0,2.0,0.82,hbm,2023-03-06,HBM
54.29326553344727,-9.092998406581788,-1.7890872904931503,,,,,1.0,1.0,0.82,hbm,2023-03-13,HBM
58.512108612060544,2.6098202692315553,0.1703786330084285,,,,,1.0,1.0,0.82,hbm,2023-03-20,HBM
60.305266571044925,6.906072203336455,1.1494582507542672,,,,,1.0,2.0,0.82,hbm,2023-03-27,HBM
57.28703212738037,3.900120000786522,-0.1599211670517279,,,,,1.0,2.0,0.82,hbm,2023-04-03,HBM
62.08372955322265,14.34885881928778,2.4133385126374525,,,,,1.0,4.0,0.82,hbm,2023-04-10,HBM
60.75687713623047,3.836417072324138,1.2881435515931765,,,,,1.0,6.0,0.82,hbm,2023-04-17,HBM
60.207970428466794,-0.1613393789802852,0.8064983654680552,,,,,1.0,9.0,0.82,hbm,2023-04-24,HBM
60.59694366455078,5.777767523041977,0.7751284485784601,,,,,1.0,10.0,0.82,hbm,2023-05-01,HBM
60.087527465820315,-3.2153385464561257,0.3584522624100483,,,,,1.0,7.0,0.82,hbm,2023-05-08,HBM
64.96648025512695,6.928603505176234,3.6435497381731614,,,,,1.0,5.0,0.82,hbm,2023-05-15,HBM
67.58859405517578,12.2585491159811,3.3751595667439753,,,,,1.0,3.0,0.82,hbm,2023-05-22,HBM
68.6503677368164,13.290148950163784,2.3194466530515876,,,,,1.0,3.0,0.82,hbm,2023-05-29,HBM
65.77404327392578,9.46372075526014,0.8166708380011879,,,,,1.0,4.0,0.82,hbm,2023-06-05,HBM
67.31414489746093,3.6136552774824304,1.120277101226521,,,,,1.0,5.0,0.82,hbm,2023-06-12,HBM
65.21477127075195,-3.51216476331192,0.2440237877234652,,,,,1.0,3.0,0.82,hbm,2023-06-19,HBM
64.51629867553712,-6.021918305125462,-0.1722352520366003,,,,,1.0,3.0,0.82,hbm,2023-06-26,HBM
61.19770812988281,-6.957661284382565,-1.7570093105434628,,,,,1.0,3.0,0.82,hbm,2023-07-03,HBM
63.00172119140625,-6.406415342011352,-1.227597481058464,,,,,1.0,2.0,0.82,hbm,2023-07-10,HBM
64.37063903808594,-1.2943880906388985,-0.4451178930976741,,,,,1.0,2.0,0.82,hbm,2023-07-17,HBM
67.41904296875,4.49924182385486,1.1017843634615276,,,,,1.0,4.0,0.82,hbm,2023-07-24,HBM
69.12029113769532,12.945881880082876,2.1773853635091283,,,,,1.0,4.0,0.82,hbm,2023-07-31,HBM
65.98089599609375,4.728719705349693,0.2944169261798965,,,,,1.0,4.0,0.82,hbm,2023-08-07,HBM
64.28755493164063,-0.1290714333225029,-0.3522691377598553,,,,,1.0,4.0,0.82,hbm,2023-08-14,HBM
63.29646987915039,-6.1148496152793275,-0.7258991214042517,,,,,1.0,2.0,0.82,hbm,2023-08-21,HBM
67.33991394042968,-2.575766345831687,1.0468845362789805,,,,,1.0,1.0,0.82,hbm,2023-08-28,HBM
69.42247009277344,5.216016006941526,1.848691571056116,,,,,1.0,1.0,0.82,hbm,2023-09-04,HBM
69.8027847290039,8.579000715189466,1.583409672842056,,,,,1.0,2.0,0.82,hbm,2023-09-11,HBM
68.77609252929688,8.657074652991747,0.7515648186507314,,,,,1.0,1.0,0.82,hbm,2023-09-18,HBM
66.85526275634766,-0.7197086478470394,-0.1715136050742611,,,,,1.0,2.0,0.82,hbm,2023-09-25,HBM
67.85755310058593,-2.2541937647799215,0.4012841660409855,,,,,1.0,2.0,0.82,hbm,2023-10-02,HBM
68.90073699951172,-1.2922804340746774,0.7732130336166491,,,,,1.0,3.0,0.82,hbm,2023-10-09,HBM
67.7613754272461,-1.475392196232339,-0.0103126970661748,,,,,1.0,4.0,0.82,hbm,2023-10-16,HBM
65.71249084472656,-1.7093222949192466,-2.697363045379063,,,,,1.0,7.0,0.82,hbm,2023-10-23,HBM
68.4331039428711,0.848175060824885,0.2315779989937623,,,,,1.0,9.0,0.82,hbm,2023-10-30,HBM
72.70719451904297,5.524552690282869,3.9207613159049393,,,,,1.0,8.0,0.82,hbm,2023-11-06,HBM
75.95487823486329,12.09170084868536,3.9637531360322873,,,,,1.0,7.0,0.82,hbm,2023-11-13,HBM
76.6097640991211,16.583260068689132,2.318747817618228,,,,,1.0,3.0,0.82,hbm,2023-11-20,HBM
75.76663208007812,10.716345912541335,1.384025197302443,,,,,1.0,2.0,0.82,hbm,2023-11-27,HBM
73.26002960205078,0.7603581552895866,0.4426603964112482,,,,,1.0,2.0,0.82,hbm,2023-12-04,HBM
79.12923583984374,4.179267584584756,1.8088136219147208,,,,,1.0,2.0,0.82,hbm,2023-12-11,HBM
82.11139526367188,7.181370715921442,2.0749372600998264,,,,,1.0,3.0,0.82,hbm,2023-12-18,HBM
85.4953784942627,12.840410279689095,2.5694132428149823,,,,,1.0,2.0,0.82,hbm,2023-12-25,HBM
82.03483390808105,11.977615015575482,1.0730639308071357,,,,,3.863636363636364,110.0,0.82,hbm,2024-01-01,HBM
82.62809753417969,4.421705400286657,0.993154880167057,,,,,3.8378378378378377,111.0,0.82,hbm,2024-01-08,HBM
84.38110160827637,2.76417948728811,1.2258243077777,,,,,3.787610619469026,113.0,0.82,hbm,2024-01-15,HBM
87.71943054199218,2.6013710763076237,1.792881249560346,,,,,3.787610619469026,113.0,0.82,hbm,2024-01-22,HBM
85.92774353027343,4.745434880205068,0.9310869890248488,,,,,1.0,8.0,0.82,hbm,2024-01-29,HBM
84.7610580444336,2.581398548322622,0.4240840681884195,,,,,1.0,8.0,0.82,hbm,2024-02-05,HBM
81.38800201416015,-3.5471207854231745,-1.5822444845746706,,,,,1.0,6.0,0.82,hbm,2024-02-12,HBM
82.86570358276367,-5.533240388405147,-0.708758661834377,,,,,1.0,6.0,0.82,hbm,2024-02-19,HBM
90.63217163085938,5.474865168463916,3.3283754205806004,,,,,1.0,2.0,0.82,hbm,2024-02-26,HBM
95.7155746459961,12.923997003222754,3.785974147843263,,,,,1.0,2.0,0.82,hbm,2024-03-04,HBM
93.40800170898436,14.76876123919708,1.5529688140079831,,,,,1.0,2.0,0.82,hbm,2024-03-11,HBM
100.01920013427734,20.70035709572091,2.5731729661863247,,,,,1.0,3.0,0.82,hbm,2024-03-18,HBM
117.35866928100586,29.48897413492668,4.496203419844079,,,,,1.0,3.0,0.82,hbm,2024-03-25,HBM
123.67846984863282,29.214571720493176,2.77515611486699,,,,,1.0,2.0,0.82,hbm,2024-04-01,HBM
122.7013214111328,31.360610618148876,1.7245163271694035,,,,,1.0,3.0,0.82,hbm,2024-04-08,HBM
114.82854766845703,14.806504665402166,0.7833474670620192,,,,,1.0,3.0,0.82,hbm,2024-04-15,HBM
111.176171875,-5.268036391246367,0.302172960048014,,,,,1.0,6.0,0.82,hbm,2024-04-22,HBM
112.0242202758789,-9.423022121002369,0.1929222459109185,,,,,1.0,8.0,0.82,hbm,2024-04-29,HBM
118.709326171875,-3.2534248151101064,0.6908185576322882,,,,,1.0,6.0,0.82,hbm,2024-05-06,HBM
124.88401947021484,8.756944162344404,1.3858460346701251,,,,,1.0,6.0,0.82,hbm,2024-05-13,HBM
126.81845092773438,14.069812612653765,1.7528176210697528,,,,,1.0,4.0,0.82,hbm,2024-05-20,HBM
127.98724937438963,14.24962303616044,1.5213600863910035,,,,,1.0,3.0,0.82,hbm,2024-05-27,HBM
129.0011444091797,8.669763841809308,1.46057675267548,,,,,1.0,5.0,0.82,hbm,2024-06-03,HBM
138.05960388183593,10.55025652402508,2.5173943154884952,,,,,1.0,5.0,0.82,hbm,2024-06-10,HBM
145.23377227783203,14.52101111106565,2.53893033682283,,,,,1.0,4.0,0.82,hbm,2024-06-17,HBM
136.29398193359376,6.490281336467474,0.8721972295244749,,,,,1.0,5.0,0.82,hbm,2024-06-24,HBM
132.20516204833984,2.4837125700197804,0.1685585053751016,,,,,1.0,3.0,0.82,hbm,2024-07-01,HBM
131.59275817871094,-4.684096956166783,-0.1505739305047093,,,,,1.0,2.0,0.82,hbm,2024-07-08,HBM
121.17069396972656,-16.56851428610753,-2.1175433866859272,,,,,1.0,3.0,0.82,hbm,2024-07-15,HBM
110.6551956176758,-18.811385471450905,-3.2447905378712454,,,,,1.0,2.0,0.82,hbm,2024-07-22,HBM
102.26069488525393,-22.649998456290955,-2.835464951155229,,,,,1.0,5.0,0.82,hbm,2024-07-29,HBM
89.72359924316406,-31.817221186811828,-2.7336734168341663,,,,,1.0,8.0,0.82,hbm,2024-08-05,HBM
100.86724090576172,-16.75607558130968,-1.148014864113394,,,,,1.0,7.0,0.82,hbm,2024-08-12,HBM
105.7632049560547,-4.420931736927547,-0.6098431423485482,,,,,1.0,7.0,0.82,hbm,2024-08-19,HBM
96.09849700927734,-6.0259691007294,-1.098055087191506,,,,,1.0,4.0,0.82,hbm,2024-08-26,HBM
87.87096977233887,-2.0648184941893577,-1.523078515955489,,,,,1.0,1.0,0.82,hbm,2024-09-02,HBM
87.90078277587891,-12.854974532313337,-1.3542990171262692,,,,,1.0,2.0,0.82,hbm,2024-09-09,HBM
88.14130859375,-16.661651251611286,-1.1756809026291266,,,,,1.0,1.0,0.82,hbm,2024-09-16,HBM
99.5334228515625,3.5743804005109014,0.682635691057376,,,,,1.0,3.0,0.82,hbm,2024-09-23,HBM
100.96861724853515,14.905545608669634,0.9854741256226056,,,,,1.0,3.0,0.82,hbm,2024-09-30,HBM
103.43453369140624,17.67191420255474,1.1409250811916103,,,,,1.0,2.0,0.82,hbm,2024-10-07,HBM
108.47730865478516,23.072042366383897,1.777382928903237,,,,,1.0,3.0,0.82,hbm,2024-10-14,HBM
106.8076675415039,7.308343751816637,1.38408876438476,,,,,1.0,1.0,0.82,hbm,2024-10-21,HBM
103.09026184082032,2.1012911240160026,0.6388321031622588,,,,,1.0,6.0,0.82,hbm,2024-10-28,HBM
108.33004760742188,4.732958849721558,1.1678221077137052,,,,,1.0,6.0,0.82,hbm,2024-11-04,HBM
101.1320556640625,-6.771234539103443,-0.196388285285376,,,,,1.0,5.0,0.82,hbm,2024-11-11,HBM
99.30519561767578,-7.024282148014116,-1.4300808575084265,,,,,1.0,5.0,0.82,hbm,2024-11-18,HBM
100.106689453125,-2.894136007048076,-1.1616775596741462,,,,,,0.0,0.82,hbm,2024-11-25,HBM
100.22459259033204,-7.482185410333486,-1.0588583842994237,,,,,1.0,1.0,0.82,hbm,2024-12-02,HBM
100.2425033569336,-0.8795948043257451,-0.882584148611614,,,,,1.0,3.0,0.82,hbm,2024-12-09,HBM
99.09823150634766,-0.2084121682061068,-1.0398125000287528,,,,,1.0,4.0,0.82,hbm,2024-12-16,HBM
88.91766166687012,-11.177102996193025,-4.392832684456328,,,,,1.0,4.0,0.82,hbm,2024-12-23,HBM
86.34811592102051,-13.84538096955068,-2.7049591097488013,,,,,4.5251396648044695,179.0,0.82,hbm,2024-12-30,HBM
99.61155891418456,-0.629418082769162,0.4951136743559701,,,,,4.556179775280899,178.0,0.82,hbm,2025-01-06,HBM
100.42056579589844,1.334367192482211,0.6950757873457235,,,,,4.556179775280899,178.0,0.82,hbm,2025-01-13,HBM
106.2669448852539,19.511627828656653,1.7442100764590185,,,,,4.516666666666667,180.0,0.82,hbm,2025-01-20,HBM
90.08877868652344,4.332072246862206,-1.2227488301913645,,,,,1.3333333333333333,6.0,0.82,hbm,2025-01-27,HBM
91.86421813964844,-7.777551981904496,-0.6890504568915673,,,,,1.0,7.0,0.82,hbm,2025-02-03,HBM
95.02253112792968,-5.37542745869416,-0.0467504974701951,,,,,1.0,6.0,0.82,hbm,2025-02-10,HBM
102.91185188293456,-3.1572310711878826,1.2736075981281558,,,,,1.0,5.0,0.82,hbm,2025-02-17,HBM
94.01027374267578,4.352922875997378,-0.3984404498916257,,,,,1.0,3.0,0.82,hbm,2025-02-24,HBM
91.32421417236328,-0.587828403943158,-1.1714072664145008,,,,,1.0,2.0,0.82,hbm,2025-03-03,HBM
93.1434829711914,-1.977476430519931,-0.5988375667757194,,,,,1.0,3.0,0.82,hbm,2025-03-10,HBM
100.55008850097656,-2.294938181313255,0.9099574713270931,,,,,1.0,4.0,0.82,hbm,2025-03-17,HBM
92.22886810302734,-1.8949052786767615,-0.6187523591459367,,,,,1.0,4.0,0.82,hbm,2025-03-24,HBM
80.45941009521485,-11.896958737189289,-3.657972584137564,,,,,1.0,3.0,0.82,hbm,2025-03-31,HBM
70.10818786621094,-24.730978883520073,-3.748463636480648,,,,,1.0,4.0,0.82,hbm,2025-04-07,HBM
69.88022804260254,-30.50207206737182,-2.0781968201522965,,,,,1.0,3.0,0.82,hbm,2025-04-14,HBM
73.24068908691406,-20.588108047582132,-1.2227879589933677,,,,,1.0,4.0,0.82,hbm,2025-04-21,HBM
77.98932037353515,-3.069982390818704,-0.5258708960901989,,,,,1.0,9.0,0.82,hbm,2025-04-28,HBM
82.71401519775391,17.98053510611193,0.0470158743359243,,,,,1.0,8.0,0.82,hbm,2025-05-05,HBM
95.3697235107422,36.475976370025535,1.4269789563911444,,,,,1.0,7.0,0.82,hbm,2025-05-12,HBM
95.92838439941406,30.97690040242074,1.749147929108112,,,,,1.0,7.0,0.82,hbm,2025-05-19,HBM
95.7258644104004,22.74227285468684,1.557508157759402,,,,,1.0,3.0,0.82,hbm,2025-05-26,HBM
103.45835418701172,25.079593754047536,1.9227483860844523,,,,,1.0,2.0,0.82,hbm,2025-06-02,HBM
114.30638885498048,19.856055619271352,2.370139611644032,,,,,1.0,4.0,0.82,hbm,2025-06-09,HBM
121.110107421875,26.250544278544897,2.25414949386924,,,,,1.0,3.0,0.82,hbm,2025-06-16,HBM
125.30007781982422,30.89469454423717,1.9836342312250672,,,,,1.0,3.0,0.82,hbm,2025-06-23,HBM
121.751070022583,17.681236067708262,1.2730944311052603,,,,,1.0,4.0,0.82,hbm,2025-06-30,HBM
122.66600952148436,7.313345080920786,1.1218779562097667,,,,,1.0,2.0,0.82,hbm,2025-07-07,HBM
116.39111633300782,-3.8964469517222433,0.3341211948636007,,,,,1.0,4.0,0.82,hbm,2025-07-14,HBM
110.89309539794922,-11.497983618646735,-0.4319251480786144,,,,,1.0,4.0,0.82,hbm,2025-07-21,HBM
110.23404846191406,-9.459482827159317,-0.9942838233174603,,,,,1.0,6.0,0.82,hbm,2025-07-28,HBM
111.11277313232422,-9.41844968645259,-1.265128159083713,,,,,1.0,6.0,0.82,hbm,2025-08-04,HBM
124.19978332519533,6.7089888285339905,1.1938474468274638,,,,,1.0,5.0,0.82,hbm,2025-08-11,HBM
119.08321075439451,7.385595403441836,0.2107316849655269,,,,,1.0,4.0,0.82,hbm,2025-08-18,HBM
118.16454162597655,7.194231977066967,0.2099526850169747,,,,,1.0,1.0,0.82,hbm,2025-08-25,HBM
123.01650428771973,10.713197789798068,1.2645680958996874,,,,,1.0,3.0,0.82,hbm,2025-09-01,HBM
142.6929504394531,14.88985457070944,5.0762185424289425,,,,,1.0,2.0,0.82,hbm,2025-09-08,HBM
161.40579833984376,35.54034806194324,4.139940496269876,,,,,1.0,2.0,0.82,hbm,2025-09-15,HBM
161.1341979980469,36.36425596104893,2.141925461157069,,,,,1.3333333333333333,3.0,0.82,hbm,2025-09-22,HBM
176.75704650878907,43.68563594960979,2.3768236969386645,,,,,1.5,2.0,0.82,hbm,2025-09-29,HBM
189.26799621582032,32.640046780818174,2.2502497527384526,,,,,1.5,2.0,0.82,hbm,2025-10-06,HBM
195.1751281738281,20.92200539343836,1.804163965984124,,,,,1.5,2.0,0.82,hbm,2025-10-13,HBM
206.4818115234375,28.142761802767826,1.787445242796607,,,,,1.0,2.0,0.82,hbm,2025-10-20,HBM
223.10011291503903,26.218511409640243,2.0473225139288593,,,,,1.0,5.0,0.82,hbm,2025-10-27,HBM
233.1038604736328,23.160737755064996,2.0549952241795717,,,,,1.0,7.0,0.82,hbm,2025-11-03,HBM
244.41653442382812,25.229344902053462,2.0462767094094807,,,,,1.0,7.0,0.82,hbm,2025-11-10,HBM
220.83997192382813,6.953716792028852,0.6414677822831433,,,,,1.0,7.0,0.82,hbm,2025-11-17,HBM
228.6115608215332,2.470392253271969,0.8053430388748563,,,,,1.0,3.0,0.82,hbm,2025-11-24,HBM
235.4019775390625,0.9858768794134276,0.9955971800937496,,,,,1.0,1.0,0.82,hbm,2025-12-01,HBM
252.322021484375,3.23443218732431,1.9305455285616144,,,,,1.0,3.0,0.82,hbm,2025-12-08,HBM
241.80069885253903,9.4913646049279,0.8428869862336014,,,,,1.0,4.0,0.82,hbm,2025-12-15,HBM
280.8510055541992,22.850744968863147,4.529303758001031,,,,,1.0,4.0,0.82,hbm,2025-12-22,HBM
290.6812235514323,23.482914880439697,2.817802922134786,,,,,5.087912087912088,91.0,0.82,hbm,2025-12-29,HBM
290.6812235514323,23.482914880439697,2.817802922134786,,,,,5.179775280898877,89.0,0.82,hbm,2026-01-05,HBM
290.6812235514323,23.482914880439697,2.817802922134786,,,,,5.2272727272727275,88.0,0.82,hbm,2026-01-12,HBM
290.6812235514323,23.482914880439697,2.817802922134786,,,,,5.179775280898877,89.0,0.82,hbm,2026-01-19,HBM
290.6812235514323,23.482914880439697,2.817802922134786,,,,,1.0,4.0,0.82,hbm,2026-01-26,HBM
290.6812235514323,23.482914880439697,2.817802922134786,,,,,1.0,6.0,0.82,hbm,2026-02-02,HBM
290.6812235514323,23.482914880439697,2.817802922134786,,,,,1.0,6.0,0.82,hbm,2026-02-09,HBM
290.6812235514323,23.482914880439697,2.817802922134786,,,,,1.0,5.0,0.82,hbm,2026-02-16,HBM
418.55916595458984,65.88293145888142,7.359548203522501,,,,,1.0,4.0,0.82,hbm,2026-02-23,HBM
391.9293518066406,62.08776635739037,2.004947380809623,,,,,1.0,3.0,0.82,hbm,2026-03-02,HBM
408.34845581054685,45.39682882913621,1.6930819240507995,,,,,1.0,3.0,0.82,hbm,2026-03-09,HBM
446.29051513671874,53.53262576925728,1.7964787777013314,,,,,1.0,5.0,0.82,hbm,2026-03-16,HBM
378.7708862304688,-9.506010848759615,0.4827060709675604,,,,,1.0,5.0,0.82,hbm,2026-03-23,HBM
348.4324951171875,-11.098137072140602,-0.1240226086897938,,,,,1.0,6.0,0.82,hbm,2026-03-30,HBM
400.83400268554686,-1.8402060833276,0.5439284611538648,,,,,1.0,7.0,0.82,hbm,2026-04-06,HBM
452.1500061035157,1.3129319956535213,1.4909190142029691,,,,,1.0,7.0,0.82,hbm,2026-04-13,HBM
472.74400634765624,24.8100166970088,2.0957774495107735,,,,,1.0,6.0,0.82,hbm,2026-04-20,HBM
521.3360046386719,49.62324465843293,2.792957603025228,,,,,1.0,8.0,0.82,hbm,2026-04-27,HBM
655.3360107421875,63.49311843593686,4.372698122478437,,,,,1.0,7.0,0.82,hbm,2026-05-04,HBM
773.2420043945312,71.01448500644373,3.484174576254358,,,,,1.0,7.0,0.82,hbm,2026-05-11,HBM
725.0739868164062,53.375606476369875,1.6423136875681323,,,,,1.0,9.0,0.82,hbm,2026-05-18,HBM
929.7024993896484,78.33076770402761,2.644417442921011,,,,,1.0,6.0,0.82,hbm,2026-05-25,HBM
1007.835986328125,53.78919665756212,2.26427491898438,,,,,1.0,9.0,0.82,hbm,2026-06-01,HBM
950.906005859375,22.976506766980332,1.3360224962824188,,,,,1.181818181818182,11.0,0.82,hbm,2026-06-08,HBM
1071.4824829101562,47.77560668184102,1.69953527846914,,,,,1.2222222222222223,9.0,0.82,hbm,2026-06-15,HBM
1131.510009765625,21.70667611504364,1.6939925388121349,,,,,1.2222222222222223,9.0,0.82,hbm,2026-06-22,HBM
1076.852523803711,6.847992968284022,1.0712055904957545,,,,,3.4,10.0,0.82,hbm,2026-06-29,HBM
53.21588897705078,,,,,,,1.0,3.0,0.365,nand,2023-01-02,NAND
56.322879791259766,,,,,,,1.0,4.0,0.365,nand,2023-01-09,NAND
56.20366382598877,,,,,,,1.0,6.0,0.365,nand,2023-01-16,NAND
61.339779663085935,,,,,,,1.0,8.0,0.365,nand,2023-01-23,NAND
61.1230224609375,14.858595122401596,,,,,,1.0,7.0,0.365,nand,2023-01-30,NAND
59.58012161254883,5.78315923006929,,,,,,1.0,8.0,0.365,nand,2023-02-06,NAND
59.72396469116211,6.26347221076633,,,,,,1.0,6.0,0.365,nand,2023-02-13,NAND
57.023887634277344,-7.0360409713142165,,,,,,1.0,4.0,0.365,nand,2023-02-20,NAND
56.40958023071289,-7.711402415083246,-0.6250830029386671,,,,,1.0,2.0,0.365,nand,2023-02-27,NAND
55.136637115478514,-7.45799836725144,-1.611082647964574,,,,,,0.0,0.365,nand,2023-03-06,NAND
54.29326553344727,-9.092998406581788,-1.7890872904931503,,,,,,0.0,0.365,nand,2023-03-13,NAND
58.512108612060544,2.6098202692315553,0.1703786330084285,,,,,,0.0,0.365,nand,2023-03-20,NAND
60.305266571044925,6.906072203336455,1.1494582507542672,,,,,1.0,1.0,0.365,nand,2023-03-27,NAND
57.28703212738037,3.900120000786522,-0.1599211670517279,,,,,1.0,1.0,0.365,nand,2023-04-03,NAND
62.08372955322265,14.34885881928778,2.4133385126374525,,,,,1.0,3.0,0.365,nand,2023-04-10,NAND
60.75687713623047,3.836417072324138,1.2881435515931765,,,,,1.0,5.0,0.365,nand,2023-04-17,NAND
60.207970428466794,-0.1613393789802852,0.8064983654680552,,,,,1.0,7.0,0.365,nand,2023-04-24,NAND
60.59694366455078,5.777767523041977,0.7751284485784601,,,,,1.0,7.0,0.365,nand,2023-05-01,NAND
60.087527465820315,-3.2153385464561257,0.3584522624100483,,,,,1.0,5.0,0.365,nand,2023-05-08,NAND
64.96648025512695,6.928603505176234,3.6435497381731614,,,,,1.0,3.0,0.365,nand,2023-05-15,NAND
67.58859405517578,12.2585491159811,3.3751595667439753,,,,,1.0,2.0,0.365,nand,2023-05-22,NAND
68.6503677368164,13.290148950163784,2.3194466530515876,,,,,1.0,2.0,0.365,nand,2023-05-29,NAND
65.77404327392578,9.46372075526014,0.8166708380011879,,,,,1.0,3.0,0.365,nand,2023-06-05,NAND
67.31414489746093,3.6136552774824304,1.120277101226521,,,,,1.0,4.0,0.365,nand,2023-06-12,NAND
65.21477127075195,-3.51216476331192,0.2440237877234652,,,,,1.0,2.0,0.365,nand,2023-06-19,NAND
64.51629867553712,-6.021918305125462,-0.1722352520366003,,,,,1.0,3.0,0.365,nand,2023-06-26,NAND
61.19770812988281,-6.957661284382565,-1.7570093105434628,,,,,1.0,3.0,0.365,nand,2023-07-03,NAND
63.00172119140625,-6.406415342011352,-1.227597481058464,,,,,1.0,2.0,0.365,nand,2023-07-10,NAND
64.37063903808594,-1.2943880906388985,-0.4451178930976741,,,,,1.0,2.0,0.365,nand,2023-07-17,NAND
67.41904296875,4.49924182385486,1.1017843634615276,,,,,1.0,3.0,0.365,nand,2023-07-24,NAND
69.12029113769532,12.945881880082876,2.1773853635091283,,,,,1.0,3.0,0.365,nand,2023-07-31,NAND
65.98089599609375,4.728719705349693,0.2944169261798965,,,,,1.0,3.0,0.365,nand,2023-08-07,NAND
64.28755493164063,-0.1290714333225029,-0.3522691377598553,,,,,1.0,3.0,0.365,nand,2023-08-14,NAND
63.29646987915039,-6.1148496152793275,-0.7258991214042517,,,,,1.0,2.0,0.365,nand,2023-08-21,NAND
67.33991394042968,-2.575766345831687,1.0468845362789805,,,,,1.0,1.0,0.365,nand,2023-08-28,NAND
69.42247009277344,5.216016006941526,1.848691571056116,,,,,1.0,1.0,0.365,nand,2023-09-04,NAND
69.8027847290039,8.579000715189466,1.583409672842056,,,,,1.0,2.0,0.365,nand,2023-09-11,NAND
68.77609252929688,8.657074652991747,0.7515648186507314,,,,,1.0,1.0,0.365,nand,2023-09-18,NAND
66.85526275634766,-0.7197086478470394,-0.1715136050742611,,,,,1.0,2.0,0.365,nand,2023-09-25,NAND
67.85755310058593,-2.2541937647799215,0.4012841660409855,,,,,1.0,2.0,0.365,nand,2023-10-02,NAND
68.90073699951172,-1.2922804340746774,0.7732130336166491,,,,,1.0,3.0,0.365,nand,2023-10-09,NAND
67.7613754272461,-1.475392196232339,-0.0103126970661748,,,,,1.0,4.0,0.365,nand,2023-10-16,NAND
65.71249084472656,-1.7093222949192466,-2.697363045379063,,,,,1.0,6.0,0.365,nand,2023-10-23,NAND
68.4331039428711,0.848175060824885,0.2315779989937623,,,,,1.0,8.0,0.365,nand,2023-10-30,NAND
72.70719451904297,5.524552690282869,3.9207613159049393,,,,,1.0,7.0,0.365,nand,2023-11-06,NAND
75.95487823486329,12.09170084868536,3.9637531360322873,,,,,1.0,6.0,0.365,nand,2023-11-13,NAND
76.6097640991211,16.583260068689132,2.318747817618228,,,,,1.0,3.0,0.365,nand,2023-11-20,NAND
75.76663208007812,10.716345912541335,1.384025197302443,,,,,1.0,2.0,0.365,nand,2023-11-27,NAND
73.26002960205078,0.7603581552895866,0.4426603964112482,,,,,1.0,2.0,0.365,nand,2023-12-04,NAND
79.12923583984374,4.179267584584756,1.8088136219147208,,,,,1.0,2.0,0.365,nand,2023-12-11,NAND
82.11139526367188,7.181370715921442,2.0749372600998264,,,,,1.0,3.0,0.365,nand,2023-12-18,NAND
85.4953784942627,12.840410279689095,2.5694132428149823,,,,,1.0,2.0,0.365,nand,2023-12-25,NAND
82.03483390808105,11.977615015575482,1.0730639308071357,,,,,3.3076923076923075,39.0,0.365,nand,2024-01-01,NAND
82.62809753417969,4.421705400286657,0.993154880167057,,,,,3.25,40.0,0.365,nand,2024-01-08,NAND
84.38110160827637,2.76417948728811,1.2258243077777,,,,,3.1951219512195124,41.0,0.365,nand,2024-01-15,NAND
87.71943054199218,2.6013710763076237,1.792881249560346,,,,,3.1951219512195124,41.0,0.365,nand,2024-01-22,NAND
85.92774353027343,4.745434880205068,0.9310869890248488,,,,,1.0,6.0,0.365,nand,2024-01-29,NAND
84.7610580444336,2.581398548322622,0.4240840681884195,,,,,1.0,6.0,0.365,nand,2024-02-05,NAND
81.38800201416015,-3.5471207854231745,-1.5822444845746706,,,,,1.0,4.0,0.365,nand,2024-02-12,NAND
82.86570358276367,-5.533240388405147,-0.708758661834377,,,,,1.0,4.0,0.365,nand,2024-02-19,NAND
90.63217163085938,5.474865168463916,3.3283754205806004,,,,,1.0,1.0,0.365,nand,2024-02-26,NAND
95.7155746459961,12.923997003222754,3.785974147843263,,,,,1.0,1.0,0.365,nand,2024-03-04,NAND
93.40800170898436,14.76876123919708,1.5529688140079831,,,,,1.0,2.0,0.365,nand,2024-03-11,NAND
100.01920013427734,20.70035709572091,2.5731729661863247,,,,,1.0,3.0,0.365,nand,2024-03-18,NAND
117.35866928100586,29.48897413492668,4.496203419844079,,,,,1.0,3.0,0.365,nand,2024-03-25,NAND
123.67846984863282,29.214571720493176,2.77515611486699,,,,,1.0,2.0,0.365,nand,2024-04-01,NAND
122.7013214111328,31.360610618148876,1.7245163271694035,,,,,1.0,3.0,0.365,nand,2024-04-08,NAND
114.82854766845703,14.806504665402166,0.7833474670620192,,,,,1.0,3.0,0.365,nand,2024-04-15,NAND
111.176171875,-5.268036391246367,0.302172960048014,,,,,1.0,5.0,0.365,nand,2024-04-22,NAND
112.0242202758789,-9.423022121002369,0.1929222459109185,,,,,1.0,7.0,0.365,nand,2024-04-29,NAND
118.709326171875,-3.2534248151101064,0.6908185576322882,,,,,1.0,5.0,0.365,nand,2024-05-06,NAND
124.88401947021484,8.756944162344404,1.3858460346701251,,,,,1.0,5.0,0.365,nand,2024-05-13,NAND
126.81845092773438,14.069812612653765,1.7528176210697528,,,,,1.0,4.0,0.365,nand,2024-05-20,NAND
127.98724937438963,14.24962303616044,1.5213600863910035,,,,,1.0,2.0,0.365,nand,2024-05-27,NAND
129.0011444091797,8.669763841809308,1.46057675267548,,,,,1.0,4.0,0.365,nand,2024-06-03,NAND
138.05960388183593,10.55025652402508,2.5173943154884952,,,,,1.0,4.0,0.365,nand,2024-06-10,NAND
145.23377227783203,14.52101111106565,2.53893033682283,,,,,1.0,3.0,0.365,nand,2024-06-17,NAND
136.29398193359376,6.490281336467474,0.8721972295244749,,,,,1.0,5.0,0.365,nand,2024-06-24,NAND
132.20516204833984,2.4837125700197804,0.1685585053751016,,,,,1.0,3.0,0.365,nand,2024-07-01,NAND
131.59275817871094,-4.684096956166783,-0.1505739305047093,,,,,1.0,2.0,0.365,nand,2024-07-08,NAND
121.17069396972656,-16.56851428610753,-2.1175433866859272,,,,,1.0,3.0,0.365,nand,2024-07-15,NAND
110.6551956176758,-18.811385471450905,-3.2447905378712454,,,,,1.0,2.0,0.365,nand,2024-07-22,NAND
102.26069488525393,-22.649998456290955,-2.835464951155229,,,,,1.0,4.0,0.365,nand,2024-07-29,NAND
89.72359924316406,-31.817221186811828,-2.7336734168341663,,,,,1.0,6.0,0.365,nand,2024-08-05,NAND
100.86724090576172,-16.75607558130968,-1.148014864113394,,,,,1.0,5.0,0.365,nand,2024-08-12,NAND
105.7632049560547,-4.420931736927547,-0.6098431423485482,,,,,1.0,5.0,0.365,nand,2024-08-19,NAND
96.09849700927734,-6.0259691007294,-1.098055087191506,,,,,1.0,3.0,0.365,nand,2024-08-26,NAND
87.87096977233887,-2.0648184941893577,-1.523078515955489,,,,,1.0,1.0,0.365,nand,2024-09-02,NAND
87.90078277587891,-12.854974532313337,-1.3542990171262692,,,,,1.0,1.0,0.365,nand,2024-09-09,NAND
88.14130859375,-16.661651251611286,-1.1756809026291266,,,,,,0.0,0.365,nand,2024-09-16,NAND
99.5334228515625,3.5743804005109014,0.682635691057376,,,,,1.0,2.0,0.365,nand,2024-09-23,NAND
100.96861724853515,14.905545608669634,0.9854741256226056,,,,,1.0,2.0,0.365,nand,2024-09-30,NAND
103.43453369140624,17.67191420255474,1.1409250811916103,,,,,1.0,2.0,0.365,nand,2024-10-07,NAND
108.47730865478516,23.072042366383897,1.777382928903237,,,,,1.0,3.0,0.365,nand,2024-10-14,NAND
106.8076675415039,7.308343751816637,1.38408876438476,,,,,1.0,1.0,0.365,nand,2024-10-21,NAND
103.09026184082032,2.1012911240160026,0.6388321031622588,,,,,1.0,5.0,0.365,nand,2024-10-28,NAND
108.33004760742188,4.732958849721558,1.1678221077137052,,,,,1.0,5.0,0.365,nand,2024-11-04,NAND
101.1320556640625,-6.771234539103443,-0.196388285285376,,,,,1.0,4.0,0.365,nand,2024-11-11,NAND
99.30519561767578,-7.024282148014116,-1.4300808575084265,,,,,1.0,4.0,0.365,nand,2024-11-18,NAND
100.106689453125,-2.894136007048076,-1.1616775596741462,,,,,,0.0,0.365,nand,2024-11-25,NAND
100.22459259033204,-7.482185410333486,-1.0588583842994237,,,,,1.0,1.0,0.365,nand,2024-12-02,NAND
100.2425033569336,-0.8795948043257451,-0.882584148611614,,,,,1.0,3.0,0.365,nand,2024-12-09,NAND
99.09823150634766,-0.2084121682061068,-1.0398125000287528,,,,,1.0,4.0,0.365,nand,2024-12-16,NAND
88.91766166687012,-11.177102996193025,-4.392832684456328,,,,,1.0,4.0,0.365,nand,2024-12-23,NAND
86.34811592102051,-13.84538096955068,-2.7049591097488013,,,,,2.732142857142857,56.0,0.365,nand,2024-12-30,NAND
99.61155891418456,-0.629418082769162,0.4951136743559701,,,,,2.7962962962962963,54.0,0.365,nand,2025-01-06,NAND
100.42056579589844,1.334367192482211,0.6950757873457235,,,,,2.7962962962962963,54.0,0.365,nand,2025-01-13,NAND
106.2669448852539,19.511627828656653,1.7442100764590185,,,,,2.732142857142857,56.0,0.365,nand,2025-01-20,NAND
90.08877868652344,4.332072246862206,-1.2227488301913645,,,,,1.0,4.0,0.365,nand,2025-01-27,NAND
91.86421813964844,-7.777551981904496,-0.6890504568915673,,,,,1.0,6.0,0.365,nand,2025-02-03,NAND
95.02253112792968,-5.37542745869416,-0.0467504974701951,,,,,1.0,5.0,0.365,nand,2025-02-10,NAND
102.91185188293456,-3.1572310711878826,1.2736075981281558,,,,,1.0,3.0,0.365,nand,2025-02-17,NAND
94.01027374267578,4.352922875997378,-0.3984404498916257,,,,,1.0,2.0,0.365,nand,2025-02-24,NAND
91.32421417236328,-0.587828403943158,-1.1714072664145008,,,,,1.0,1.0,0.365,nand,2025-03-03,NAND
93.1434829711914,-1.977476430519931,-0.5988375667757194,,,,,1.0,2.0,0.365,nand,2025-03-10,NAND
100.55008850097656,-2.294938181313255,0.9099574713270931,,,,,1.0,4.0,0.365,nand,2025-03-17,NAND
92.22886810302734,-1.8949052786767615,-0.6187523591459367,,,,,1.0,4.0,0.365,nand,2025-03-24,NAND
80.45941009521485,-11.896958737189289,-3.657972584137564,,,,,1.0,3.0,0.365,nand,2025-03-31,NAND
70.10818786621094,-24.730978883520073,-3.748463636480648,,,,,1.0,3.0,0.365,nand,2025-04-07,NAND
69.88022804260254,-30.50207206737182,-2.0781968201522965,,,,,1.0,2.0,0.365,nand,2025-04-14,NAND
73.24068908691406,-20.588108047582132,-1.2227879589933677,,,,,1.0,3.0,0.365,nand,2025-04-21,NAND
77.98932037353515,-3.069982390818704,-0.5258708960901989,,,,,1.0,7.0,0.365,nand,2025-04-28,NAND
82.71401519775391,17.98053510611193,0.0470158743359243,,,,,1.0,7.0,0.365,nand,2025-05-05,NAND
95.3697235107422,36.475976370025535,1.4269789563911444,,,,,1.0,6.0,0.365,nand,2025-05-12,NAND
95.92838439941406,30.97690040242074,1.749147929108112,,,,,1.0,6.0,0.365,nand,2025-05-19,NAND
95.7258644104004,22.74227285468684,1.557508157759402,,,,,1.0,2.0,0.365,nand,2025-05-26,NAND
103.45835418701172,25.079593754047536,1.9227483860844523,,,,,1.0,1.0,0.365,nand,2025-06-02,NAND
114.30638885498048,19.856055619271352,2.370139611644032,,,,,1.0,3.0,0.365,nand,2025-06-09,NAND
121.110107421875,26.250544278544897,2.25414949386924,,,,,1.0,2.0,0.365,nand,2025-06-16,NAND
125.30007781982422,30.89469454423717,1.9836342312250672,,,,,1.0,3.0,0.365,nand,2025-06-23,NAND
121.751070022583,17.681236067708262,1.2730944311052603,,,,,1.0,4.0,0.365,nand,2025-06-30,NAND
122.66600952148436,7.313345080920786,1.1218779562097667,,,,,1.0,2.0,0.365,nand,2025-07-07,NAND
116.39111633300782,-3.8964469517222433,0.3341211948636007,,,,,1.0,4.0,0.365,nand,2025-07-14,NAND
110.89309539794922,-11.497983618646735,-0.4319251480786144,,,,,1.0,4.0,0.365,nand,2025-07-21,NAND
110.23404846191406,-9.459482827159317,-0.9942838233174603,,,,,1.0,5.0,0.365,nand,2025-07-28,NAND
111.11277313232422,-9.41844968645259,-1.265128159083713,,,,,1.0,5.0,0.365,nand,2025-08-04,NAND
124.19978332519533,6.7089888285339905,1.1938474468274638,,,,,1.0,4.0,0.365,nand,2025-08-11,NAND
119.08321075439451,7.385595403441836,0.2107316849655269,,,,,1.0,3.0,0.365,nand,2025-08-18,NAND
118.16454162597655,7.194231977066967,0.2099526850169747,,,,,1.0,1.0,0.365,nand,2025-08-25,NAND
123.01650428771973,10.713197789798068,1.2645680958996874,,,,,1.0,3.0,0.365,nand,2025-09-01,NAND
142.6929504394531,14.88985457070944,5.0762185424289425,,,,,1.0,2.0,0.365,nand,2025-09-08,NAND
161.40579833984376,35.54034806194324,4.139940496269876,,,,,1.0,2.0,0.365,nand,2025-09-15,NAND
161.1341979980469,36.36425596104893,2.141925461157069,,,,,1.0,3.0,0.365,nand,2025-09-22,NAND
176.75704650878907,43.68563594960979,2.3768236969386645,,,,,1.0,2.0,0.365,nand,2025-09-29,NAND
189.26799621582032,32.640046780818174,2.2502497527384526,,,,,1.0,2.0,0.365,nand,2025-10-06,NAND
195.1751281738281,20.92200539343836,1.804163965984124,,,,,1.0,2.0,0.365,nand,2025-10-13,NAND
206.4818115234375,28.142761802767826,1.787445242796607,,,,,1.0,2.0,0.365,nand,2025-10-20,NAND
223.10011291503903,26.218511409640243,2.0473225139288593,,,,,1.0,4.0,0.365,nand,2025-10-27,NAND
233.1038604736328,23.160737755064996,2.0549952241795717,,,,,1.0,5.0,0.365,nand,2025-11-03,NAND
244.41653442382812,25.229344902053462,2.0462767094094807,,,,,1.0,5.0,0.365,nand,2025-11-10,NAND
220.83997192382813,6.953716792028852,0.6414677822831433,,,,,1.0,5.0,0.365,nand,2025-11-17,NAND
228.6115608215332,2.470392253271969,0.8053430388748563,,,,,1.0,2.0,0.365,nand,2025-11-24,NAND
235.4019775390625,0.9858768794134276,0.9955971800937496,,,,,1.0,1.0,0.365,nand,2025-12-01,NAND
252.322021484375,3.23443218732431,1.9305455285616144,,,,,1.0,2.0,0.365,nand,2025-12-08,NAND
241.80069885253903,9.4913646049279,0.8428869862336014,,,,,1.0,2.0,0.365,nand,2025-12-15,NAND
280.8510055541992,22.850744968863147,4.529303758001031,,,,,1.0,2.0,0.365,nand,2025-12-22,NAND
290.6812235514323,23.482914880439697,2.817802922134786,,,,,2.694915254237288,59.0,0.365,nand,2025-12-29,NAND
290.6812235514323,23.482914880439697,2.817802922134786,,,,,2.7241379310344827,58.0,0.365,nand,2026-01-05,NAND
290.6812235514323,23.482914880439697,2.817802922134786,,,,,2.754385964912281,57.0,0.365,nand,2026-01-12,NAND
290.6812235514323,23.482914880439697,2.817802922134786,,,,,2.7241379310344827,58.0,0.365,nand,2026-01-19,NAND
290.6812235514323,23.482914880439697,2.817802922134786,,,,,1.0,2.0,0.365,nand,2026-01-26,NAND
290.6812235514323,23.482914880439697,2.817802922134786,,,,,1.0,4.0,0.365,nand,2026-02-02,NAND
290.6812235514323,23.482914880439697,2.817802922134786,,,,,1.0,5.0,0.365,nand,2026-02-09,NAND
290.6812235514323,23.482914880439697,2.817802922134786,,,,,1.0,4.0,0.365,nand,2026-02-16,NAND
418.55916595458984,65.88293145888142,7.359548203522501,,,,,1.0,4.0,0.365,nand,2026-02-23,NAND
391.9293518066406,62.08776635739037,2.004947380809623,,,,,1.0,3.0,0.365,nand,2026-03-02,NAND
408.34845581054685,45.39682882913621,1.6930819240507995,,,,,1.0,3.0,0.365,nand,2026-03-09,NAND
446.29051513671874,53.53262576925728,1.7964787777013314,,,,,1.0,5.0,0.365,nand,2026-03-16,NAND
378.7708862304688,-9.506010848759615,0.4827060709675604,,,,,1.0,5.0,0.365,nand,2026-03-23,NAND
348.4324951171875,-11.098137072140602,-0.1240226086897938,,,,,1.0,6.0,0.365,nand,2026-03-30,NAND
400.83400268554686,-1.8402060833276,0.5439284611538648,,,,,1.0,7.0,0.365,nand,2026-04-06,NAND
452.1500061035157,1.3129319956535213,1.4909190142029691,,,,,1.0,6.0,0.365,nand,2026-04-13,NAND
472.74400634765624,24.8100166970088,2.0957774495107735,,,,,1.0,5.0,0.365,nand,2026-04-20,NAND
521.3360046386719,49.62324465843293,2.792957603025228,,,,,1.0,6.0,0.365,nand,2026-04-27,NAND
655.3360107421875,63.49311843593686,4.372698122478437,,,,,1.0,4.0,0.365,nand,2026-05-04,NAND
773.2420043945312,71.01448500644373,3.484174576254358,,,,,1.0,5.0,0.365,nand,2026-05-11,NAND
725.0739868164062,53.375606476369875,1.6423136875681323,,,,,1.0,7.0,0.365,nand,2026-05-18,NAND
929.7024993896484,78.33076770402761,2.644417442921011,,,,,1.0,4.0,0.365,nand,2026-05-25,NAND
1007.835986328125,53.78919665756212,2.26427491898438,,,,,1.0,8.0,0.365,nand,2026-06-01,NAND
950.906005859375,22.976506766980332,1.3360224962824188,,,,,1.0,10.0,0.365,nand,2026-06-08,NAND
1071.4824829101562,47.77560668184102,1.69953527846914,,,,,1.0,8.0,0.365,nand,2026-06-15,NAND
1131.510009765625,21.70667611504364,1.6939925388121349,,,,,1.0,9.0,0.365,nand,2026-06-22,NAND
1076.852523803711,6.847992968284022,1.0712055904957545,,,,,3.5,10.0,0.365,nand,2026-06-29,NAND
