date,resource,risk_score
2023-01-02,DRAM,0.001575822995372
2023-01-09,DRAM,3.850946607353981e-05
2023-01-16,DRAM,0.0008832466091683
2023-01-23,DRAM,0.0012973674372517
2023-01-30,DRAM,0.0084501904049081
2023-02-06,DRAM,0.0011439327239589
2023-02-13,DRAM,0.0011439327239589
2023-02-20,DRAM,0.0014937735280254
2023-02-27,DRAM,0.0001574456201735
2023-03-06,DRAM,0.0001604430825818
2023-03-13,DRAM,0.0001892310418185
2023-03-20,DRAM,4.83500466046965e-05
2023-03-27,DRAM,3.929552512281051e-05
2023-04-03,DRAM,4.988444532551787e-05
2023-04-10,DRAM,0.0002084311398206
2023-04-17,DRAM,0.0010585637980406
2023-04-24,DRAM,0.001267824933717
2023-05-01,DRAM,0.0013580360851013
2023-05-08,DRAM,0.0016089352205373
2023-05-15,DRAM,0.0163455519660543
2023-05-22,DRAM,0.0063352600676206
2023-05-29,DRAM,0.0051257468075018
2023-06-05,DRAM,4.905767159669864e-05
2023-06-12,DRAM,0.0001377464699584
2023-06-19,DRAM,6.781064648895772e-05
2023-06-26,DRAM,6.720674223702046e-05
2023-07-03,DRAM,0.000126967017418
2023-07-10,DRAM,0.000121007871186
2023-07-17,DRAM,6.477735069751892e-05
2023-07-24,DRAM,5.817821328969844e-05
2023-07-31,DRAM,0.0005984649975958
2023-08-07,DRAM,5.291781054544829e-05
2023-08-14,DRAM,4.899305670647361e-05
2023-08-21,DRAM,8.807494736298398e-05
2023-08-28,DRAM,8.094352165768579e-05
2023-09-04,DRAM,0.0001143547806728
2023-09-11,DRAM,0.000112937726443
2023-09-18,DRAM,0.0001594148096024
2023-09-25,DRAM,5.834949929593481e-05
2023-10-02,DRAM,0.0001186715470766
2023-10-09,DRAM,0.0002441739307337
2023-10-16,DRAM,0.0001515109767567
2023-10-23,DRAM,0.0021800157264274
2023-10-30,DRAM,0.0042971244013279
2023-11-06,DRAM,0.9996122338794798
2023-11-13,DRAM,0.9994790014314674
2023-11-20,DRAM,0.9994238469396804
2023-11-27,DRAM,0.0035830403555177
2023-12-04,DRAM,0.0078316887872245
2023-12-11,DRAM,0.0068511008404863
2023-12-18,DRAM,0.0045278382732247
2023-12-25,DRAM,0.0150448595911087
2024-01-01,DRAM,0.9862717296274296
2024-01-08,DRAM,0.9949035957094954
2024-01-15,DRAM,0.9943303277999588
2024-01-22,DRAM,0.9977446884655888
2024-01-29,DRAM,0.9950727746039536
2024-02-05,DRAM,0.9946382001411184
2024-02-12,DRAM,0.9912857498285758
2024-02-19,DRAM,0.992982546403341
2024-02-26,DRAM,0.9778508936821017
2024-03-04,DRAM,0.9821961322812532
2024-03-11,DRAM,0.9967646425392236
2024-03-18,DRAM,0.9999382497625112
2024-03-25,DRAM,0.9999549959489464
2024-04-01,DRAM,0.9998026537603312
2024-04-08,DRAM,0.985793242032963
2024-04-15,DRAM,0.9850554879190696
2024-04-22,DRAM,0.970274530821738
2024-04-29,DRAM,0.981595482595989
2024-05-06,DRAM,0.9780943733205136
2024-05-13,DRAM,0.997169025810935
2024-05-20,DRAM,0.998699475385053
2024-05-27,DRAM,0.998675151014588
2024-06-03,DRAM,0.9969732610984826
2024-06-10,DRAM,0.9985013916919562
2024-06-17,DRAM,0.993407979814774
2024-06-24,DRAM,0.9920883443812684
2024-07-01,DRAM,0.9908567807705398
2024-07-08,DRAM,0.990555773695054
2024-07-15,DRAM,0.988306182192034
2024-07-22,DRAM,0.9888238328953284
2024-07-29,DRAM,0.99654679981433
2024-08-05,DRAM,0.9998858845391668
2024-08-12,DRAM,0.9998189659621488
2024-08-19,DRAM,0.9999144254524096
2024-08-26,DRAM,0.9989377580637416
2024-09-02,DRAM,0.9997939891174344
2024-09-09,DRAM,0.9999108109522716
2024-09-16,DRAM,0.999683213471574
2024-09-23,DRAM,0.998723546819266
2024-09-30,DRAM,0.999955394195851
2024-10-07,DRAM,0.9999577455836648
2024-10-14,DRAM,0.9999439232691631
2024-10-21,DRAM,0.9947660430735868
2024-10-28,DRAM,0.9996011715525188
2024-11-04,DRAM,0.9993451744798152
2024-11-11,DRAM,0.9997241047084536
2024-11-18,DRAM,0.999858058629218
2024-11-25,DRAM,0.9996703794322142
2024-12-02,DRAM,0.999493776112953
2024-12-09,DRAM,0.999723246072266
2024-12-16,DRAM,0.9995332711796622
2024-12-23,DRAM,0.998389069868618
2024-12-30,DRAM,0.9996425262579236
2025-01-06,DRAM,0.9997539584157904
2025-01-13,DRAM,0.999688127239432
2025-01-20,DRAM,0.9998913821046358
2025-01-27,DRAM,0.9992421461849866
2025-02-03,DRAM,0.9999122618454032
2025-02-10,DRAM,0.9998363534934744
2025-02-17,DRAM,0.9996747625751546
2025-02-24,DRAM,0.9993109966001597
2025-03-03,DRAM,0.9995472399808698
2025-03-10,DRAM,0.9994828705081186
2025-03-17,DRAM,0.9985875487053602
2025-03-24,DRAM,0.9991532996749188
2025-03-31,DRAM,0.999796337516786
2025-04-07,DRAM,0.9994831490725752
2025-04-14,DRAM,0.9989053125298872
2025-04-21,DRAM,0.9934613975298552
2025-04-28,DRAM,0.9982576032563004
2025-05-05,DRAM,0.9997346759004884
2025-05-12,DRAM,0.999701954896258
2025-05-19,DRAM,0.9999281850790084
2025-05-26,DRAM,0.9998708948987552
2025-06-02,DRAM,0.9999434341059138
2025-06-09,DRAM,0.9999074926983272
2025-06-16,DRAM,0.9999233367392776
2025-06-23,DRAM,0.9998510777248084
2025-06-30,DRAM,0.9996157268278332
2025-07-07,DRAM,0.0201302635916016
2025-07-14,DRAM,0.0373878067112571
2025-07-21,DRAM,0.0125733629109938
2025-07-28,DRAM,0.0357711789263291
2025-08-04,DRAM,0.0364990765426552
2025-08-11,DRAM,0.0184723396265917
2025-08-18,DRAM,0.0054490936199906
2025-08-25,DRAM,0.0073110019494729
2025-09-01,DRAM,0.0085433331027567
2025-09-08,DRAM,0.9996109908106486
2025-09-15,DRAM,0.99481539473278
2025-09-22,DRAM,0.9584535884076149
2025-09-29,DRAM,0.0195950043366778
2025-10-06,DRAM,0.0212189388940524
2025-10-13,DRAM,0.0673570194163421
2025-10-20,DRAM,0.0674035427078541
2025-10-27,DRAM,0.1223805912537935
2025-11-03,DRAM,0.1669591062044002
2025-11-10,DRAM,0.1669591062044002
2025-11-17,DRAM,0.0508370300018534
2025-11-24,DRAM,0.0056371181054829
2025-12-01,DRAM,0.0045773772148346
2025-12-08,DRAM,0.0109035171057549
2025-12-15,DRAM,0.0062793429572742
2025-12-22,DRAM,0.6727868471276168
2025-12-29,DRAM,0.2042390087518685
2026-01-05,DRAM,0.2042390087518685
2026-01-12,DRAM,0.2042390087518685
2026-01-19,DRAM,0.2042390087518685
2026-01-26,DRAM,0.1134966305410369
2026-02-02,DRAM,0.1521438522406532
2026-02-09,DRAM,0.1521438522406532
2026-02-16,DRAM,0.1001084386537781
2026-02-23,DRAM,0.4058000175019484
2026-03-02,DRAM,0.0212189388940524
2026-03-09,DRAM,0.0087795823372899
2026-03-16,DRAM,0.013723550022785
2026-03-23,DRAM,0.0076238602669549
2026-03-30,DRAM,0.0266911208776046
2026-04-06,DRAM,0.0891538953270621
2026-04-13,DRAM,0.0746968630126816
2026-04-20,DRAM,0.1669591062044002
2026-04-27,DRAM,0.0822820126689369
2026-05-04,DRAM,0.7122821327504255
2026-05-11,DRAM,0.0822820126689369
2026-05-18,DRAM,0.0163113912869538
2026-05-25,DRAM,0.119121986859686
2026-06-01,DRAM,0.0668911087141501
2026-06-08,DRAM,0.0682337252231968
2026-06-15,DRAM,0.0243997711707122
2026-06-22,DRAM,0.0653535162888073
2026-06-29,DRAM,0.0204488364974849
2023-01-02,GPU,0.9977528380287471
2023-01-09,GPU,0.9977528380287471
2023-01-16,GPU,0.99790162128787
2023-01-23,GPU,0.9945341425933428
2023-01-30,GPU,0.985396648832088
2023-02-06,GPU,0.985396648832088
2023-02-13,GPU,0.9974030459226092
2023-02-20,GPU,0.9951891436413932
2023-02-27,GPU,0.022335290009004
2023-03-06,GPU,0.9966222815499504
2023-03-13,GPU,0.9953764648209572
2023-03-20,GPU,0.9991033871133662
2023-03-27,GPU,0.9988050391037546
2023-04-03,GPU,0.9987828103904914
2023-04-10,GPU,0.9988276063089532
2023-04-17,GPU,0.9996615337505246
2023-04-24,GPU,0.995889269174832
2023-05-01,GPU,0.9979931888271714
2023-05-08,GPU,0.9987229929535948
2023-05-15,GPU,0.999923480365654
2023-05-22,GPU,0.9998909341310004
2023-05-29,GPU,0.9993822208048748
2023-06-05,GPU,0.9950031231489224
2023-06-12,GPU,0.9962246862193626
2023-06-19,GPU,0.999111581182173
2023-06-26,GPU,0.9997754194654566
2023-07-03,GPU,0.9997297700422038
2023-07-10,GPU,0.9997035033830026
2023-07-17,GPU,0.9995895222978092
2023-07-24,GPU,0.9988439246787808
2023-07-31,GPU,0.9996483827786382
2023-08-07,GPU,0.9996639481278652
2023-08-14,GPU,0.9997148531555456
2023-08-21,GPU,0.999464173472329
2023-08-28,GPU,0.9998679092916496
2023-09-04,GPU,0.9997994953316188
2023-09-11,GPU,0.9997670925151236
2023-09-18,GPU,0.999670827329047
2023-09-25,GPU,0.9998594571422468
2023-10-02,GPU,0.9997101627235592
2023-10-09,GPU,0.9997521748424772
2023-10-16,GPU,0.9997341952737656
2023-10-23,GPU,0.9991012999542036
2023-10-30,GPU,0.9993098904228972
2023-11-06,GPU,0.9993649290792248
2023-11-13,GPU,0.9906880348582476
2023-11-20,GPU,0.9974095822152366
2023-11-27,GPU,0.999665449764522
2023-12-04,GPU,0.9997101627235592
2023-12-11,GPU,0.9997365000540712
2023-12-18,GPU,0.99978738434965
2023-12-25,GPU,0.9974904208790693
2024-01-01,GPU,0.9988856305174044
2024-01-08,GPU,0.9988718030663528
2024-01-15,GPU,0.999389859002683
2024-01-22,GPU,0.999139245495451
2024-01-29,GPU,0.993859824878502
2024-02-05,GPU,0.9997305457959372
2024-02-12,GPU,0.9999733196314546
2024-02-19,GPU,0.999906049171814
2024-02-26,GPU,0.9999613532726496
2024-03-04,GPU,0.9999589580366705
2024-03-11,GPU,0.9999611921498032
2024-03-18,GPU,0.9999116200912816
2024-03-25,GPU,0.9999634208167658
2024-04-01,GPU,0.9999502387528874
2024-04-08,GPU,0.999907451559765
2024-04-15,GPU,0.9996033111596696
2024-04-22,GPU,0.9995128231111486
2024-04-29,GPU,0.9999676472618328
2024-05-06,GPU,0.99995579225221
2024-05-13,GPU,0.9999127514133448
2024-05-20,GPU,0.999956812613059
2024-05-27,GPU,0.9999845943574024
2024-06-03,GPU,0.9997610767904452
2024-06-10,GPU,0.9992144269723268
2024-06-17,GPU,0.9984607157932196
2024-06-24,GPU,0.994677489748164
2024-07-01,GPU,0.999487970531754
2024-07-08,GPU,0.9993952986042652
2024-07-15,GPU,0.9981192154007834
2024-07-22,GPU,0.9993948912073324
2024-07-29,GPU,0.9997531377647688
2024-08-05,GPU,0.9998164735396026
2024-08-12,GPU,0.9999293414959286
2024-08-19,GPU,0.9998899431083844
2024-08-26,GPU,0.9985600010039132
2024-09-02,GPU,0.9999618662553332
2024-09-09,GPU,0.999686076883042
2024-09-16,GPU,0.9995698165279432
2024-09-23,GPU,0.9991428225318472
2024-09-30,GPU,0.9924305406581656
2024-10-07,GPU,0.9997596308472064
2024-10-14,GPU,0.9997747720066862
2024-10-21,GPU,0.9997636586423724
2024-10-28,GPU,0.9999055084970462
2024-11-04,GPU,0.9999295944480688
2024-11-11,GPU,0.9990436061311072
2024-11-18,GPU,0.9998070715142462
2024-11-25,GPU,0.9997017442548796
2024-12-02,GPU,0.9996236611814392
2024-12-09,GPU,0.9997177758526372
2024-12-16,GPU,0.9999442390538896
2024-12-23,GPU,0.9997144080691658
2024-12-30,GPU,0.9999019105778748
2025-01-06,GPU,0.9998641283732742
2025-01-13,GPU,0.9997050854106818
2025-01-20,GPU,0.9998281902117088
2025-01-27,GPU,0.9991373216652558
2025-02-03,GPU,0.9995635444850184
2025-02-10,GPU,0.9998488262828298
2025-02-17,GPU,0.9997981372328264
2025-02-24,GPU,0.999511219876136
2025-03-03,GPU,0.9996155386104962
2025-03-10,GPU,0.9998976542931834
2025-03-17,GPU,0.9997906240164176
2025-03-24,GPU,0.9994040033311732
2025-03-31,GPU,0.9999363339756676
2025-04-07,GPU,0.9999587110532724
2025-04-14,GPU,0.9997612491253725
2025-04-21,GPU,0.99986264376289
2025-04-28,GPU,0.9996234680947595
2025-05-05,GPU,0.9999076085249038
2025-05-12,GPU,0.9999482373246432
2025-05-19,GPU,0.9999009604560029
2025-05-26,GPU,0.999899035978781
2025-06-02,GPU,0.999798171670163
2025-06-09,GPU,0.9998427441923176
2025-06-16,GPU,0.9987137822462088
2025-06-23,GPU,0.9986921172105864
2025-06-30,GPU,0.9960497381435126
2025-07-07,GPU,0.0082743958940309
2025-07-14,GPU,0.0194206380465121
2025-07-21,GPU,0.0015954300614785
2025-07-28,GPU,0.0022070321551494
2025-08-04,GPU,0.00623549994247
2025-08-11,GPU,0.0018212994233452
2025-08-18,GPU,0.0020603824601735
2025-08-25,GPU,0.002796657589534
2025-09-01,GPU,0.0027263213747239
2025-09-08,GPU,0.002911397908146
2025-09-15,GPU,0.0045504535078646
2025-09-22,GPU,0.0030069878361382
2025-09-29,GPU,0.0128156812310819
2025-10-06,GPU,0.0053669344753434
2025-10-13,GPU,0.0026880376056865
2025-10-20,GPU,0.0030069878361382
2025-10-27,GPU,0.0136015358322405
2025-11-03,GPU,0.0268062660370661
2025-11-10,GPU,0.0207272239870785
2025-11-17,GPU,0.0136494104142193
2025-11-24,GPU,0.0061317099804242
2025-12-01,GPU,0.0038614518623283
2025-12-08,GPU,0.002248775547705
2025-12-15,GPU,0.007491289367768
2025-12-22,GPU,0.0037526534217473
2025-12-29,GPU,0.0262541967258725
2026-01-05,GPU,0.0262541967258725
2026-01-12,GPU,0.0262541967258725
2026-01-19,GPU,0.0262541967258725
2026-01-26,GPU,0.0020603824601735
2026-02-02,GPU,0.0188255455294944
2026-02-09,GPU,0.0188255455294944
2026-02-16,GPU,0.0061125413243865
2026-02-23,GPU,0.0065767265300853
2026-03-02,GPU,0.0042669736607407
2026-03-09,GPU,0.0116876350976341
2026-03-16,GPU,0.0085128307581477
2026-03-23,GPU,0.0037418667457706
2026-03-30,GPU,0.0071437865611949
2026-04-06,GPU,0.0031648530634048
2026-04-13,GPU,0.0460780820466039
2026-04-20,GPU,0.0505149843278731
2026-04-27,GPU,0.1069608600972471
2026-05-04,GPU,0.0403210558010659
2026-05-11,GPU,0.0969960912267998
2026-05-18,GPU,0.0424186360200658
2026-05-25,GPU,0.0317605854101696
2026-06-01,GPU,0.0325230766024087
2026-06-08,GPU,0.0208270049596031
2026-06-15,GPU,0.0430339255121716
2026-06-22,GPU,0.0346508471077722
2026-06-29,GPU,0.0126201104545334
2023-01-02,HBM,0.9894734101821868
2023-01-09,HBM,0.0003701825973671
2023-01-16,HBM,0.0007832615439878
2023-01-23,HBM,0.0013503225150245
2023-01-30,HBM,0.0228445677857502
2023-02-06,HBM,0.0021641759026405
2023-02-13,HBM,0.0021641759026405
2023-02-20,HBM,0.0016191941773644
2023-02-27,HBM,0.0003017963574562
2023-03-06,HBM,0.0003402613461074
2023-03-13,HBM,0.0014328960407535
2023-03-20,HBM,0.0002786187804173
2023-03-27,HBM,0.0006256306600535
2023-04-03,HBM,0.0003351413181668
2023-04-10,HBM,0.018222732382209
2023-04-17,HBM,0.0014277944307966
2023-04-24,HBM,0.0015373175609839
2023-05-01,HBM,0.0024627992926774
2023-05-08,HBM,0.000687850125753
2023-05-15,HBM,0.9919522624676492
2023-05-22,HBM,0.9912236696816512
2023-05-29,HBM,0.9672435149838912
2023-06-05,HBM,0.0005179905173139
2023-06-12,HBM,0.0008141410506391
2023-06-19,HBM,0.0002410410169786
2023-06-26,HBM,0.0002408051078884
2023-07-03,HBM,0.0002747548780375
2023-07-10,HBM,0.000275969451739
2023-07-17,HBM,0.0002396524229373
2023-07-24,HBM,0.0004607599909699
2023-07-31,HBM,0.0113648962937155
2023-08-07,HBM,0.000329704610411
2023-08-14,HBM,0.0002376375016906
2023-08-21,HBM,0.0002407710620993
2023-08-28,HBM,0.0004445207013416
2023-09-04,HBM,0.0070481251441773
2023-09-11,HBM,0.0052938053597034
2023-09-18,HBM,0.0020615378928805
2023-09-25,HBM,0.0002396524229373
2023-10-02,HBM,0.0004884772535249
2023-10-09,HBM,0.0013804435228196
2023-10-16,HBM,0.000570640536463
2023-10-23,HBM,0.0009716797268064
2023-10-30,HBM,0.0042852393120019
2023-11-06,HBM,0.999961448177346
2023-11-13,HBM,0.9999713207584484
2023-11-20,HBM,0.9999461903556288
2023-11-27,HBM,0.9959641779028956
2023-12-04,HBM,0.9963661470818652
2023-12-11,HBM,0.9967302240120288
2023-12-18,HBM,0.9994712616026268
2023-12-25,HBM,0.9998349073858572
2024-01-01,HBM,0.9997122044008367
2024-01-08,HBM,0.9997869249364
2024-01-15,HBM,0.9997582658616664
2024-01-22,HBM,0.9996901938067564
2024-01-29,HBM,0.9998209832739656
2024-02-05,HBM,0.9998098362269736
2024-02-12,HBM,0.9999070351391492
2024-02-19,HBM,0.9999156874116184
2024-02-26,HBM,0.9996267685152112
2024-03-04,HBM,0.999578615245742
2024-03-11,HBM,0.9996427283982792
2024-03-18,HBM,0.9999589046819726
2024-03-25,HBM,0.9999870339130816
2024-04-01,HBM,0.9998900186407356
2024-04-08,HBM,0.99511234591628
2024-04-15,HBM,0.9996960338864384
2024-04-22,HBM,0.9999306461108504
2024-04-29,HBM,0.99986430550076
2024-05-06,HBM,0.9999328853057504
2024-05-13,HBM,0.9998992926249768
2024-05-20,HBM,0.9998701520535528
2024-05-27,HBM,0.9998674777005876
2024-06-03,HBM,0.9998912793795952
2024-06-10,HBM,0.9999393450432428
2024-06-17,HBM,0.9993034533128012
2024-06-24,HBM,0.9997649048661208
2024-07-01,HBM,0.9997072283529675
2024-07-08,HBM,0.9997279491523072
2024-07-15,HBM,0.9998569308417335
2024-07-22,HBM,0.9998530610673338
2024-07-29,HBM,0.9988801547968208
2024-08-05,HBM,0.9999509213604628
2024-08-12,HBM,0.9999305077743464
2024-08-19,HBM,0.9999777948096304
2024-08-26,HBM,0.999917436047648
2024-09-02,HBM,0.9999754277156828
2024-09-09,HBM,0.999976413084707
2024-09-16,HBM,0.9999438180034068
2024-09-23,HBM,0.9999676240239704
2024-09-30,HBM,0.999963966682672
2024-10-07,HBM,0.999965790171738
2024-10-14,HBM,0.9999613309950972
2024-10-21,HBM,0.999966451088198
2024-10-28,HBM,0.999965682918944
2024-11-04,HBM,0.9999622675433512
2024-11-11,HBM,0.9999390626586692
2024-11-18,HBM,0.9999524386304892
2024-11-25,HBM,0.9999635703951149
2024-12-02,HBM,0.999952531203854
2024-12-09,HBM,0.9999704034937807
2024-12-16,HBM,0.9999606032898252
2024-12-23,HBM,0.9999544605118896
2024-12-30,HBM,0.9999221098162944
2025-01-06,HBM,0.999953725601742
2025-01-13,HBM,0.9999445855018256
2025-01-20,HBM,0.9999328464360262
2025-01-27,HBM,0.9997474422828014
2025-02-03,HBM,0.9999789185639618
2025-02-10,HBM,0.9999679686342008
2025-02-17,HBM,0.9999676949607778
2025-02-24,HBM,0.9999769348315636
2025-03-03,HBM,0.9999602869964784
2025-03-10,HBM,0.9999712711814932
2025-03-17,HBM,0.9999609429720178
2025-03-24,HBM,0.9999651979671764
2025-03-31,HBM,0.9999713354007456
2025-04-07,HBM,0.999955199636284
2025-04-14,HBM,0.9998910068882708
2025-04-21,HBM,0.9997964001704228
2025-04-28,HBM,0.9998501157854772
2025-05-05,HBM,0.99991914892654
2025-05-12,HBM,0.9997834123649998
2025-05-19,HBM,0.9999424517643758
2025-05-26,HBM,0.9999115147715496
2025-06-02,HBM,0.9999612588197112
2025-06-09,HBM,0.9999778917947608
2025-06-16,HBM,0.9999816686484873
2025-06-23,HBM,0.9999145320491064
2025-06-30,HBM,0.9999194827163318
2025-07-07,HBM,0.9949750136224668
2025-07-14,HBM,0.9969195210720654
2025-07-21,HBM,0.9938588597377546
2025-07-28,HBM,0.9837375130968152
2025-08-04,HBM,0.984816623570256
2025-08-11,HBM,0.9986945082701988
2025-08-18,HBM,0.9989064619927313
2025-08-25,HBM,0.99918915879743
2025-09-01,HBM,0.9989767404304992
2025-09-08,HBM,0.9999175015525732
2025-09-15,HBM,0.9950169763549486
2025-09-22,HBM,0.9204016826333488
2025-09-29,HBM,0.0087566377331493
2025-10-06,HBM,0.0094910389611429
2025-10-13,HBM,0.0268836518639327
2025-10-20,HBM,0.0423690370766768
2025-10-27,HBM,0.0769227789043318
2025-11-03,HBM,0.1069608600972471
2025-11-10,HBM,0.1069608600972471
2025-11-17,HBM,0.0327472789369649
2025-11-24,HBM,0.0030971874570484
2025-12-01,HBM,0.002796657589534
2025-12-08,HBM,0.0055498688894248
2025-12-15,HBM,0.0040103108478656
2025-12-22,HBM,0.6346550905760288
2025-12-29,HBM,0.1329825057402399
2026-01-05,HBM,0.1329825057402399
2026-01-12,HBM,0.1329825057402399
2026-01-19,HBM,0.1329825057402399
2026-01-26,HBM,0.0710714980376258
2026-02-02,HBM,0.1392238279668372
2026-02-09,HBM,0.1392238279668372
2026-02-16,HBM,0.1000988968407197
2026-02-23,HBM,0.431043662978884
2026-03-02,HBM,0.0151026003929891
2026-03-09,HBM,0.0063767420592896
2026-03-16,HBM,0.0103774440627444
2026-03-23,HBM,0.0047303099366935
2026-03-30,HBM,0.0163995491745621
2026-04-06,HBM,0.0519230964317627
2026-04-13,HBM,0.0356721776712538
2026-04-20,HBM,0.1069608600972471
2026-04-27,HBM,0.0873023119065576
2026-05-04,HBM,0.7122821327504255
2026-05-11,HBM,0.0873023119065576
2026-05-18,HBM,0.0180674833153946
2026-05-25,HBM,0.0873023119065576
2026-06-01,HBM,0.0482589114547937
2026-06-08,HBM,0.0303931572012622
2026-06-15,HBM,0.0120522875357413
2026-06-22,HBM,0.0280087401593548
2026-06-29,HBM,0.0132605879980253
2023-01-02,NAND,0.0027414472567281
2023-01-09,NAND,0.0001025052035108
2023-01-16,NAND,0.0002895167278764
2023-01-23,NAND,0.0003547462134391
2023-01-30,NAND,0.0019419321633871
2023-02-06,NAND,0.0004840478852401
2023-02-13,NAND,0.0004202387673905
2023-02-20,NAND,0.000276276273242
2023-02-27,NAND,0.0013005614855421
2023-03-06,NAND,0.0006011835574863
2023-03-13,NAND,0.0022197258455641
2023-03-20,NAND,8.291404516105674e-05
2023-03-27,NAND,0.0001038558964069
2023-04-03,NAND,0.0001164479591528
2023-04-10,NAND,0.0004796749323297
2023-04-17,NAND,0.0002359869695984
2023-04-24,NAND,0.0003049955487254
2023-05-01,NAND,0.0004432361269609
2023-05-08,NAND,0.0002248822372506
2023-05-15,NAND,0.0014044412540544
2023-05-22,NAND,0.0025142763907628
2023-05-29,NAND,0.0029579147920852
2023-06-05,NAND,0.0001157387171063
2023-06-12,NAND,0.0001159242001333
2023-06-19,NAND,8.696635885497774e-05
2023-06-26,NAND,0.0001811670164306
2023-07-03,NAND,0.0006732467479075
2023-07-10,NAND,0.0006810295094038
2023-07-17,NAND,0.0001262485994731
2023-07-24,NAND,0.0001435010695897
2023-07-31,NAND,0.0014024146344411
2023-08-07,NAND,0.0001274094212793
2023-08-14,NAND,0.000160531993991
2023-08-21,NAND,0.0002952007434876
2023-08-28,NAND,0.0001119376800201
2023-09-04,NAND,0.0001774911957415
2023-09-11,NAND,0.0002051064188659
2023-09-18,NAND,0.000469311217891
2023-09-25,NAND,0.0001160831317701
2023-10-02,NAND,0.0002954687798873
2023-10-09,NAND,0.000649939690382
2023-10-16,NAND,0.0004250576967546
2023-10-23,NAND,0.0013059107418595
2023-10-30,NAND,0.0008884913283617
2023-11-06,NAND,0.981961378981426
2023-11-13,NAND,0.9835668558286736
2023-11-20,NAND,0.9909531543592932
2023-11-27,NAND,0.0079454547593541
2023-12-04,NAND,0.0108838674705021
2023-12-11,NAND,0.0023801049291985
2023-12-18,NAND,0.0005432295433512
2023-12-25,NAND,0.000527326282629
2024-01-01,NAND,0.0098099126348859
2024-01-08,NAND,0.0109906181949403
2024-01-15,NAND,0.0104815742224977
2024-01-22,NAND,0.0164340932741008
2024-01-29,NAND,0.0088220910300481
2024-02-05,NAND,0.0124629205618729
2024-02-12,NAND,0.02032393788646
2024-02-19,NAND,0.0189708320944395
2024-02-26,NAND,0.0314136696744216
2024-03-04,NAND,0.0320448480562482
2024-03-11,NAND,0.0144933138774643
2024-03-18,NAND,0.9985554157165892
2024-03-25,NAND,0.999105718179146
2024-04-01,NAND,0.9715543862890742
2024-04-08,NAND,0.1137244172320546
2024-04-15,NAND,0.0174922406641055
2024-04-22,NAND,0.0103092500858456
2024-04-29,NAND,0.0161361523587089
2024-05-06,NAND,0.0094429917230468
2024-05-13,NAND,0.0047551983879802
2024-05-20,NAND,0.0017762390887338
2024-05-27,NAND,0.001909620990222
2024-06-03,NAND,0.0022429371868344
2024-06-10,NAND,0.0039949038160223
2024-06-17,NAND,0.006924191819811
2024-06-24,NAND,0.0060250428865821
2024-07-01,NAND,0.0087238305505334
2024-07-08,NAND,0.0065408722562896
2024-07-15,NAND,0.0111552297545715
2024-07-22,NAND,0.0114948146152811
2024-07-29,NAND,0.0557883260579168
2024-08-05,NAND,0.9873164729542542
2024-08-12,NAND,0.9984470538076758
2024-08-19,NAND,0.9961447550086564
2024-08-26,NAND,0.9993615753134336
2024-09-02,NAND,0.9980196515530602
2024-09-09,NAND,0.997686059573995
2024-09-16,NAND,0.9979082591771768
2024-09-23,NAND,0.9964889247022372
2024-09-30,NAND,0.9998219512121744
2024-10-07,NAND,0.999781767196502
2024-10-14,NAND,0.9981299282655676
2024-10-21,NAND,0.9675835750272844
2024-10-28,NAND,0.9924322700874604
2024-11-04,NAND,0.9747844997058625
2024-11-11,NAND,0.9972331777747492
2024-11-18,NAND,0.9964596288959598
2024-11-25,NAND,0.9995938357366124
2024-12-02,NAND,0.9993699506028528
2024-12-09,NAND,0.9995529191504628
2024-12-16,NAND,0.9986536845020284
2024-12-23,NAND,0.9836912496059456
2024-12-30,NAND,0.9816131181013598
2025-01-06,NAND,0.9973530876285938
2025-01-13,NAND,0.9956035811350564
2025-01-20,NAND,0.99874565234834
2025-01-27,NAND,0.990706919192319
2025-02-03,NAND,0.9987975204136555
2025-02-10,NAND,0.9987138506638118
2025-02-17,NAND,0.994692441183645
2025-02-24,NAND,0.9969854654662236
2025-03-03,NAND,0.9990910715687602
2025-03-10,NAND,0.9983641389957936
2025-03-17,NAND,0.9969938878357146
2025-03-24,NAND,0.9957440060549692
2025-03-31,NAND,0.991589242417922
2025-04-07,NAND,0.9937972911061296
2025-04-14,NAND,0.9877997565607282
2025-04-21,NAND,0.9909657507590416
2025-04-28,NAND,0.9765161614673228
2025-05-05,NAND,0.9871522949945192
2025-05-12,NAND,0.992740426385822
2025-05-19,NAND,0.9978918290883838
2025-05-26,NAND,0.9953882061386696
2025-06-02,NAND,0.9980845394474944
2025-06-09,NAND,0.9950842459628008
2025-06-16,NAND,0.9950445578897632
2025-06-23,NAND,0.9643112301189436
2025-06-30,NAND,0.9738728224554168
2025-07-07,NAND,0.001481576286727
2025-07-14,NAND,0.0014795069931242
2025-07-21,NAND,0.0011236482300274
2025-07-28,NAND,0.0019967529330298
2025-08-04,NAND,0.0021298744818005
2025-08-11,NAND,0.0020466662640686
2025-08-18,NAND,0.0014880213141684
2025-08-25,NAND,0.0018066652015933
2025-09-01,NAND,0.0022599412105574
2025-09-08,NAND,0.9813206419615518
2025-09-15,NAND,0.9587238866147344
2025-09-22,NAND,0.4986368596094584
2025-09-29,NAND,0.2154848845441558
2025-10-06,NAND,0.2154848845441558
2025-10-13,NAND,0.406436215415727
2025-10-20,NAND,0.406614832458967
2025-10-27,NAND,0.7787808829076646
2025-11-03,NAND,0.8339175204172659
2025-11-10,NAND,0.8339175204172659
2025-11-17,NAND,0.0018300914280047
2025-11-24,NAND,0.0024757064327111
2025-12-01,NAND,0.003014750565891
2025-12-08,NAND,0.0012349915970288
2025-12-15,NAND,0.0014325155721379
2025-12-22,NAND,0.9769448568403996
2025-12-29,NAND,0.8951559300482931
2026-01-05,NAND,0.8951559300482931
2026-01-12,NAND,0.8951559300482931
2026-01-19,NAND,0.8951559300482931
2026-01-26,NAND,0.7851028230946498
2026-02-02,NAND,0.7851028230946498
2026-02-09,NAND,0.8464217850698161
2026-02-16,NAND,0.7851028230946498
2026-02-23,NAND,0.883691132051506
2026-03-02,NAND,0.2154848845441558
2026-03-09,NAND,0.0321866339083961
2026-03-16,NAND,0.0590734609391174
2026-03-23,NAND,0.0023921476819745
2026-03-30,NAND,0.0050870796165136
2026-04-06,NAND,0.0110742603415236
2026-04-13,NAND,0.0055949254112701
2026-04-20,NAND,0.8339175204172659
2026-04-27,NAND,0.5831189934850588
2026-05-04,NAND,0.883691132051506
2026-05-11,NAND,0.496940998602118
2026-05-18,NAND,0.1044531501249127
2026-05-25,NAND,0.3090643319507423
2026-06-01,NAND,0.4620512803916234
2026-06-08,NAND,0.5853566291414681
2026-06-15,NAND,0.1044531501249127
2026-06-22,NAND,0.4169720805495724
2026-06-29,NAND,0.0032570709298667
